relationship,run_id,run,method,seed,target_module,layer,predictor,outcome,slope,intercept,correlation,r_squared,n_points
delta_m_vs_delta_d,dora-seed42,DoRA (seed 42),DoRA,42,down_proj,,delta_direction,delta_magnitude_rel,0.379813761259901,0.00464824081261675,0.9482040070610931,0.8990908390067135,24
coefficient_update_vs_checkpoint,dora-seed42,DoRA (seed 42),DoRA,42,down_proj,0.0,checkpoint_fraction,coefficient_update_rel,0.07356701791286467,0.09742549806833264,0.9249029258401401,0.8554454222276517,4
coefficient_update_vs_checkpoint,dora-seed42,DoRA (seed 42),DoRA,42,down_proj,1.0,checkpoint_fraction,coefficient_update_rel,0.04860053062438965,0.1016223579645157,0.925759260559553,0.8570302085117705,4
coefficient_update_vs_checkpoint,dora-seed42,DoRA (seed 42),DoRA,42,down_proj,2.0,checkpoint_fraction,coefficient_update_rel,0.07577035725116729,0.08853472024202344,0.9259120015047667,0.8573130345305631,4
coefficient_update_vs_checkpoint,dora-seed42,DoRA (seed 42),DoRA,42,down_proj,3.0,checkpoint_fraction,coefficient_update_rel,0.07589669525623316,0.09307893365621572,0.927636851298514,0.8605101278870214,4
coefficient_update_vs_checkpoint,dora-seed42,DoRA (seed 42),DoRA,42,down_proj,4.0,checkpoint_fraction,coefficient_update_rel,0.07191420197486878,0.0900328531861305,0.9241771151319019,0.8541033401335247,4
coefficient_update_vs_checkpoint,dora-seed42,DoRA (seed 42),DoRA,42,down_proj,5.0,checkpoint_fraction,coefficient_update_rel,0.06963643133640289,0.08786162734031676,0.9276671134770219,0.8605662734267898,4
delta_m_vs_delta_d,dora-seed42,DoRA (seed 42),DoRA,42,k_proj,,delta_direction,delta_magnitude_rel,0.24240929447726348,0.0045131605084452525,0.6834456778206587,0.4670979945317396,24
coefficient_update_vs_checkpoint,dora-seed42,DoRA (seed 42),DoRA,42,k_proj,0.0,checkpoint_fraction,coefficient_update_rel,0.04286758005619046,0.059364404529333115,0.9002942317401245,0.8105297037045409,4
coefficient_update_vs_checkpoint,dora-seed42,DoRA (seed 42),DoRA,42,k_proj,1.0,checkpoint_fraction,coefficient_update_rel,0.0249855950474739,0.030985813587903983,0.94597773626043,0.8948738775004077,4
coefficient_update_vs_checkpoint,dora-seed42,DoRA (seed 42),DoRA,42,k_proj,2.0,checkpoint_fraction,coefficient_update_rel,0.032758207619190204,0.035278949886560426,0.9419336831100333,0.8872390633772327,4
coefficient_update_vs_checkpoint,dora-seed42,DoRA (seed 42),DoRA,42,k_proj,3.0,checkpoint_fraction,coefficient_update_rel,0.0333003893494606,0.03554615005850791,0.9394186352770809,0.8825073723058532,4
coefficient_update_vs_checkpoint,dora-seed42,DoRA (seed 42),DoRA,42,k_proj,4.0,checkpoint_fraction,coefficient_update_rel,0.03343050181865692,0.03357913717627525,0.9375938611083764,0.8790822483881134,4
coefficient_update_vs_checkpoint,dora-seed42,DoRA (seed 42),DoRA,42,k_proj,5.0,checkpoint_fraction,coefficient_update_rel,0.03751914501190184,0.04273391515016558,0.9329229328946732,0.870345198720799,4
delta_m_vs_delta_d,dora-seed42,DoRA (seed 42),DoRA,42,q_proj,,delta_direction,delta_magnitude_paper,0.27118827064894213,0.005487190610733676,0.744844367893306,0.5547931323823786,24
delta_m_vs_delta_d,dora-seed42,DoRA (seed 42),DoRA,42,q_proj,,delta_direction,delta_magnitude_rel,0.315798189649781,0.006218262562318978,0.708317129506202,0.5017131559519057,24
coefficient_update_vs_checkpoint,dora-seed42,DoRA (seed 42),DoRA,42,q_proj,0.0,checkpoint_fraction,coefficient_update_rel,0.055005735158920266,0.06895941868424418,0.9420593011756252,0.8874757269315073,4
coefficient_update_vs_checkpoint,dora-seed42,DoRA (seed 42),DoRA,42,q_proj,1.0,checkpoint_fraction,coefficient_update_rel,0.03540823757648468,0.048095766454935074,0.9360800347047843,0.8762458313729101,4
coefficient_update_vs_checkpoint,dora-seed42,DoRA (seed 42),DoRA,42,q_proj,2.0,checkpoint_fraction,coefficient_update_rel,0.04795445054769514,0.05322108417749405,0.936789821196037,0.877575169096503,4
coefficient_update_vs_checkpoint,dora-seed42,DoRA (seed 42),DoRA,42,q_proj,3.0,checkpoint_fraction,coefficient_update_rel,0.046855400502681735,0.053503725677728625,0.9326937677377812,0.8699176643768982,4
coefficient_update_vs_checkpoint,dora-seed42,DoRA (seed 42),DoRA,42,q_proj,4.0,checkpoint_fraction,coefficient_update_rel,0.04764792323112487,0.05264894291758535,0.934348858833677,0.8730077900037945,4
coefficient_update_vs_checkpoint,dora-seed42,DoRA (seed 42),DoRA,42,q_proj,5.0,checkpoint_fraction,coefficient_update_rel,0.050636115670204124,0.05532004684209824,0.9392385592312825,0.8821690711468554,4
delta_m_vs_delta_d,dora-seed42,DoRA (seed 42),DoRA,42,up_proj,,delta_direction,delta_magnitude_rel,0.450820598177925,0.009073387707342164,0.8990446196666751,0.8082812281515965,24
coefficient_update_vs_checkpoint,dora-seed42,DoRA (seed 42),DoRA,42,up_proj,0.0,checkpoint_fraction,coefficient_update_rel,0.10463974773883815,0.10703592747449873,0.9347096038720942,0.8736820435707273,4
coefficient_update_vs_checkpoint,dora-seed42,DoRA (seed 42),DoRA,42,up_proj,1.0,checkpoint_fraction,coefficient_update_rel,0.09492208063602448,0.1095696613192558,0.9316667803955477,0.8680029896926058,4
coefficient_update_vs_checkpoint,dora-seed42,DoRA (seed 42),DoRA,42,up_proj,2.0,checkpoint_fraction,coefficient_update_rel,0.09032012224197385,0.11457827687263486,0.9293829714453975,0.8637527076126765,4
coefficient_update_vs_checkpoint,dora-seed42,DoRA (seed 42),DoRA,42,up_proj,3.0,checkpoint_fraction,coefficient_update_rel,0.08657464981079098,0.11344929039478305,0.9253620331079933,0.8562948923177588,4
coefficient_update_vs_checkpoint,dora-seed42,DoRA (seed 42),DoRA,42,up_proj,4.0,checkpoint_fraction,coefficient_update_rel,0.08218108117580414,0.10527692735195159,0.9274044867416421,0.8600790820285287,4
coefficient_update_vs_checkpoint,dora-seed42,DoRA (seed 42),DoRA,42,up_proj,5.0,checkpoint_fraction,coefficient_update_rel,0.08093577921390532,0.10383902490139008,0.9242048376941967,0.8541545820173565,4
delta_m_vs_delta_d,dora-seed42,DoRA (seed 42),DoRA,42,v_proj,,delta_direction,delta_magnitude_paper,0.12257295052770101,0.005691299093690795,0.6897352711671498,0.4757347442920217,24
delta_m_vs_delta_d,dora-seed42,DoRA (seed 42),DoRA,42,v_proj,,delta_direction,delta_magnitude_rel,0.4849065650001494,0.012746760170430986,0.7861664709930284,0.6180577201136321,24
coefficient_update_vs_checkpoint,dora-seed42,DoRA (seed 42),DoRA,42,v_proj,0.0,checkpoint_fraction,coefficient_update_rel,0.0731901884078979,0.13123102486133575,0.9191464386783867,0.8448301757351614,4
coefficient_update_vs_checkpoint,dora-seed42,DoRA (seed 42),DoRA,42,v_proj,1.0,checkpoint_fraction,coefficient_update_rel,0.06814187169075007,0.11885447055101396,0.9222762411968246,0.8505934650761434,4
coefficient_update_vs_checkpoint,dora-seed42,DoRA (seed 42),DoRA,42,v_proj,2.0,checkpoint_fraction,coefficient_update_rel,0.09241957664489739,0.14815271645784384,0.9262715760876195,0.8579790326678426,4
coefficient_update_vs_checkpoint,dora-seed42,DoRA (seed 42),DoRA,42,v_proj,3.0,checkpoint_fraction,coefficient_update_rel,0.07927594780921932,0.12276555597782139,0.9259044161141213,0.857298987779632,4
coefficient_update_vs_checkpoint,dora-seed42,DoRA (seed 42),DoRA,42,v_proj,4.0,checkpoint_fraction,coefficient_update_rel,0.07608709335327148,0.11115121841430663,0.9233384076544301,0.8525538150498185,4
coefficient_update_vs_checkpoint,dora-seed42,DoRA (seed 42),DoRA,42,v_proj,5.0,checkpoint_fraction,coefficient_update_rel,0.09340216517448417,0.1298279985785485,0.930917075289176,0.8666066010649534,4
delta_m_vs_delta_d,dora-seed43,DoRA (seed 43),DoRA,43,down_proj,,delta_direction,delta_magnitude_rel,0.37949565538881325,0.004694354477555961,0.9427353126347788,0.8887498696885942,24
coefficient_update_vs_checkpoint,dora-seed43,DoRA (seed 43),DoRA,43,down_proj,0.0,checkpoint_fraction,coefficient_update_rel,0.07457374334335323,0.09626534581184389,0.9242035545277238,0.8541522102016794,4
coefficient_update_vs_checkpoint,dora-seed43,DoRA (seed 43),DoRA,43,down_proj,1.0,checkpoint_fraction,coefficient_update_rel,0.050595584511756865,0.09903784096241,0.9306662332829414,0.8661396377730584,4
coefficient_update_vs_checkpoint,dora-seed43,DoRA (seed 43),DoRA,43,down_proj,2.0,checkpoint_fraction,coefficient_update_rel,0.07423457205295567,0.0897532999515533,0.9216908051286402,0.849513940258681,4
coefficient_update_vs_checkpoint,dora-seed43,DoRA (seed 43),DoRA,43,down_proj,3.0,checkpoint_fraction,coefficient_update_rel,0.07874228656291961,0.08840637654066082,0.9247675888253184,0.8551950933417931,4
coefficient_update_vs_checkpoint,dora-seed43,DoRA (seed 43),DoRA,43,down_proj,4.0,checkpoint_fraction,coefficient_update_rel,0.07273349463939666,0.09097499400377271,0.9213694307771906,0.8489216279706842,4
coefficient_update_vs_checkpoint,dora-seed43,DoRA (seed 43),DoRA,43,down_proj,5.0,checkpoint_fraction,coefficient_update_rel,0.07101334035396574,0.0879155844449997,0.9253175799329885,0.8562126237330425,4
delta_m_vs_delta_d,dora-seed43,DoRA (seed 43),DoRA,43,k_proj,,delta_direction,delta_magnitude_rel,0.15894348233048466,0.0047604975501294115,0.5059523975442418,0.2559878285807665,24
coefficient_update_vs_checkpoint,dora-seed43,DoRA (seed 43),DoRA,43,k_proj,0.0,checkpoint_fraction,coefficient_update_rel,0.04041933417320247,0.068431131541729,0.9370423624413079,0.8780483890095875,4
coefficient_update_vs_checkpoint,dora-seed43,DoRA (seed 43),DoRA,43,k_proj,1.0,checkpoint_fraction,coefficient_update_rel,0.025120928883552548,0.03160464949905871,0.925545525988519,0.8566345206773643,4
coefficient_update_vs_checkpoint,dora-seed43,DoRA (seed 43),DoRA,43,k_proj,2.0,checkpoint_fraction,coefficient_update_rel,0.03370599299669265,0.03406335040926934,0.9446633867562754,0.8923889142778363,4
coefficient_update_vs_checkpoint,dora-seed43,DoRA (seed 43),DoRA,43,k_proj,3.0,checkpoint_fraction,coefficient_update_rel,0.03350913375616072,0.034187082201242454,0.9334239672396566,0.8712803026174195,4
coefficient_update_vs_checkpoint,dora-seed43,DoRA (seed 43),DoRA,43,k_proj,4.0,checkpoint_fraction,coefficient_update_rel,0.034234385192394245,0.03222356177866459,0.9420552729863101,0.8874681373613112,4
coefficient_update_vs_checkpoint,dora-seed43,DoRA (seed 43),DoRA,43,k_proj,5.0,checkpoint_fraction,coefficient_update_rel,0.03851055055856704,0.039259593933820724,0.9361824298198603,0.8764375419034177,4
delta_m_vs_delta_d,dora-seed43,DoRA (seed 43),DoRA,43,q_proj,,delta_direction,delta_magnitude_paper,0.2271202154344139,0.005712475193484341,0.6752148756557993,0.4559151283068765,24
delta_m_vs_delta_d,dora-seed43,DoRA (seed 43),DoRA,43,q_proj,,delta_direction,delta_magnitude_rel,0.2587294394637245,0.006535009266081901,0.6446479985873372,0.41557104208265955,24
coefficient_update_vs_checkpoint,dora-seed43,DoRA (seed 43),DoRA,43,q_proj,0.0,checkpoint_fraction,coefficient_update_rel,0.061102783679962136,0.06985396146774293,0.9225429486633526,0.8510854921284733,4
coefficient_update_vs_checkpoint,dora-seed43,DoRA (seed 43),DoRA,43,q_proj,1.0,checkpoint_fraction,coefficient_update_rel,0.03735180199146271,0.048336338251829127,0.9380004440481962,0.8798448330346131,4
coefficient_update_vs_checkpoint,dora-seed43,DoRA (seed 43),DoRA,43,q_proj,2.0,checkpoint_fraction,coefficient_update_rel,0.047557131946086864,0.053542591631412534,0.9403882954242172,0.8843301461708648,4
coefficient_update_vs_checkpoint,dora-seed43,DoRA (seed 43),DoRA,43,q_proj,3.0,checkpoint_fraction,coefficient_update_rel,0.04515469074249266,0.05316546186804772,0.9316804198656662,0.868028404761064,4
coefficient_update_vs_checkpoint,dora-seed43,DoRA (seed 43),DoRA,43,q_proj,4.0,checkpoint_fraction,coefficient_update_rel,0.04639997780323028,0.05372404679656028,0.9324468132032424,0.8694570594528824,4
coefficient_update_vs_checkpoint,dora-seed43,DoRA (seed 43),DoRA,43,q_proj,5.0,checkpoint_fraction,coefficient_update_rel,0.050699919462204,0.05547905340790745,0.9353973962904627,0.8749682889869769,4
delta_m_vs_delta_d,dora-seed43,DoRA (seed 43),DoRA,43,up_proj,,delta_direction,delta_magnitude_rel,0.45233355769618283,0.008974741158043765,0.907615952284399,0.8237667168411164,24
coefficient_update_vs_checkpoint,dora-seed43,DoRA (seed 43),DoRA,43,up_proj,0.0,checkpoint_fraction,coefficient_update_rel,0.10666336715221403,0.10650955140590668,0.9316986057362076,0.8680622919307931,4
coefficient_update_vs_checkpoint,dora-seed43,DoRA (seed 43),DoRA,43,up_proj,1.0,checkpoint_fraction,coefficient_update_rel,0.09347659349441523,0.11133856326341632,0.9276897163598106,0.8606082098397457,4
coefficient_update_vs_checkpoint,dora-seed43,DoRA (seed 43),DoRA,43,up_proj,2.0,checkpoint_fraction,coefficient_update_rel,0.08565756678581236,0.1163736507296562,0.9254685179296902,0.8564919776789773,4
coefficient_update_vs_checkpoint,dora-seed43,DoRA (seed 43),DoRA,43,up_proj,3.0,checkpoint_fraction,coefficient_update_rel,0.08418924808502196,0.11572927236557005,0.9231846762575867,0.8522699464768252,4
coefficient_update_vs_checkpoint,dora-seed43,DoRA (seed 43),DoRA,43,up_proj,4.0,checkpoint_fraction,coefficient_update_rel,0.08342680931091306,0.10552761703729625,0.9241568697982568,0.8540659199953122,4
coefficient_update_vs_checkpoint,dora-seed43,DoRA (seed 43),DoRA,43,up_proj,5.0,checkpoint_fraction,coefficient_update_rel,0.08363247513771059,0.10170487314462656,0.9268333181069807,0.8590199995531956,4
delta_m_vs_delta_d,dora-seed43,DoRA (seed 43),DoRA,43,v_proj,,delta_direction,delta_magnitude_paper,0.12211261785035686,0.005655092243224748,0.6841754617263505,0.46809606242846485,24
delta_m_vs_delta_d,dora-seed43,DoRA (seed 43),DoRA,43,v_proj,,delta_direction,delta_magnitude_rel,0.4761633222274316,0.012707697382397133,0.7962687263306931,0.6340438845323042,24
coefficient_update_vs_checkpoint,dora-seed43,DoRA (seed 43),DoRA,43,v_proj,0.0,checkpoint_fraction,coefficient_update_rel,0.07807375788688659,0.13167001307010648,0.9166795715664613,0.840301436927271,4
coefficient_update_vs_checkpoint,dora-seed43,DoRA (seed 43),DoRA,43,v_proj,1.0,checkpoint_fraction,coefficient_update_rel,0.06960077881813044,0.118733823299408,0.9197361537076388,0.8459145924369215,4
coefficient_update_vs_checkpoint,dora-seed43,DoRA (seed 43),DoRA,43,v_proj,2.0,checkpoint_fraction,coefficient_update_rel,0.09567360877990716,0.1475603356957436,0.9260465730049009,0.8575622553741212,4
coefficient_update_vs_checkpoint,dora-seed43,DoRA (seed 43),DoRA,43,v_proj,3.0,checkpoint_fraction,coefficient_update_rel,0.07988628149032592,0.12228260934352875,0.929382087487439,0.8637510645425097,4
coefficient_update_vs_checkpoint,dora-seed43,DoRA (seed 43),DoRA,43,v_proj,4.0,checkpoint_fraction,coefficient_update_rel,0.07696706950664518,0.11248207092285153,0.9345118946101535,0.8733124811678586,4
coefficient_update_vs_checkpoint,dora-seed43,DoRA (seed 43),DoRA,43,v_proj,5.0,checkpoint_fraction,coefficient_update_rel,0.09499641656875606,0.12920730561017998,0.9267498332878652,0.8588652534990859,4
delta_m_vs_delta_d,lora-match-seed42,LoRA lr-match (seed 42),LoRA lr-match,42,down_proj,,delta_direction,delta_magnitude_rel,1.0071256762503107,0.0011562020207534678,0.9620167489546471,0.9254762252692684,24
coefficient_update_vs_checkpoint,lora-match-seed42,LoRA lr-match (seed 42),LoRA lr-match,42,down_proj,0.0,checkpoint_fraction,coefficient_update_rel,0.07485773265361782,0.09432230889797209,0.9252283915198444,0.8560475764743984,4
coefficient_update_vs_checkpoint,lora-match-seed42,LoRA lr-match (seed 42),LoRA lr-match,42,down_proj,1.0,checkpoint_fraction,coefficient_update_rel,0.049929007887840264,0.09926451742649078,0.9208522625976816,0.8479688895312696,4
coefficient_update_vs_checkpoint,lora-match-seed42,LoRA lr-match (seed 42),LoRA lr-match,42,down_proj,2.0,checkpoint_fraction,coefficient_update_rel,0.07526038289070126,0.08790296316146852,0.9277345699031445,0.8606914321933725,4
coefficient_update_vs_checkpoint,lora-match-seed42,LoRA lr-match (seed 42),LoRA lr-match,42,down_proj,3.0,checkpoint_fraction,coefficient_update_rel,0.07777435779571529,0.09046768397092823,0.9242534298127087,0.8542444025205558,4
coefficient_update_vs_checkpoint,lora-match-seed42,LoRA lr-match (seed 42),LoRA lr-match,42,down_proj,4.0,checkpoint_fraction,coefficient_update_rel,0.07414726316928864,0.08926326036453242,0.9217591728585143,0.8496399727488124,4
coefficient_update_vs_checkpoint,lora-match-seed42,LoRA lr-match (seed 42),LoRA lr-match,42,down_proj,5.0,checkpoint_fraction,coefficient_update_rel,0.07016320228576657,0.08816449344158177,0.9251853812898052,0.8559679897523622,4
delta_m_vs_delta_d,lora-match-seed42,LoRA lr-match (seed 42),LoRA lr-match,42,k_proj,,delta_direction,delta_magnitude_rel,1.3730794634670638,-0.0008383592736442517,0.9837154493254215,0.967696085241516,24
coefficient_update_vs_checkpoint,lora-match-seed42,LoRA lr-match (seed 42),LoRA lr-match,42,k_proj,0.0,checkpoint_fraction,coefficient_update_rel,0.04842606782913208,0.05972742661833764,0.925147442767186,0.8558977908586637,4
coefficient_update_vs_checkpoint,lora-match-seed42,LoRA lr-match (seed 42),LoRA lr-match,42,k_proj,1.0,checkpoint_fraction,coefficient_update_rel,0.025441583991050704,0.032436177134513855,0.9254370715941177,0.8564337734806962,4
coefficient_update_vs_checkpoint,lora-match-seed42,LoRA lr-match (seed 42),LoRA lr-match,42,k_proj,2.0,checkpoint_fraction,coefficient_update_rel,0.03266914933919907,0.03486138023436068,0.9422268566578315,0.8877914494072977,4
coefficient_update_vs_checkpoint,lora-match-seed42,LoRA lr-match (seed 42),LoRA lr-match,42,k_proj,3.0,checkpoint_fraction,coefficient_update_rel,0.03300808519124984,0.0331841818988323,0.9347515842680667,0.8737605242916606,4
coefficient_update_vs_checkpoint,lora-match-seed42,LoRA lr-match (seed 42),LoRA lr-match,42,k_proj,4.0,checkpoint_fraction,coefficient_update_rel,0.03440423756837843,0.03475693240761758,0.939977826257078,0.8835583138549816,4
coefficient_update_vs_checkpoint,lora-match-seed42,LoRA lr-match (seed 42),LoRA lr-match,42,k_proj,5.0,checkpoint_fraction,coefficient_update_rel,0.03926165550947189,0.03970451280474661,0.934841693002138,0.8739289909751037,4
delta_m_vs_delta_d,lora-match-seed42,LoRA lr-match (seed 42),LoRA lr-match,42,q_proj,,delta_direction,delta_magnitude_paper,0.7851306565735302,0.00025185942311086915,0.9940655184291842,0.9881662549298827,24
delta_m_vs_delta_d,lora-match-seed42,LoRA lr-match (seed 42),LoRA lr-match,42,q_proj,,delta_direction,delta_magnitude_rel,1.1344687424110735,-0.0008699543551749903,0.988046533023044,0.9762359514188572,24
coefficient_update_vs_checkpoint,lora-match-seed42,LoRA lr-match (seed 42),LoRA lr-match,42,q_proj,0.0,checkpoint_fraction,coefficient_update_rel,0.05334048569202419,0.07932459563016894,0.9326316350368271,0.8698017666714655,4
coefficient_update_vs_checkpoint,lora-match-seed42,LoRA lr-match (seed 42),LoRA lr-match,42,q_proj,1.0,checkpoint_fraction,coefficient_update_rel,0.038141848146915416,0.04887180775403977,0.9318086763820707,0.8682674093809065,4
coefficient_update_vs_checkpoint,lora-match-seed42,LoRA lr-match (seed 42),LoRA lr-match,42,q_proj,2.0,checkpoint_fraction,coefficient_update_rel,0.04790941476821899,0.05296846851706502,0.9341620732358065,0.8726587790722202,4
coefficient_update_vs_checkpoint,lora-match-seed42,LoRA lr-match (seed 42),LoRA lr-match,42,q_proj,3.0,checkpoint_fraction,coefficient_update_rel,0.046507114171981806,0.054194245487451546,0.9363399938311314,0.8767325840476833,4
coefficient_update_vs_checkpoint,lora-match-seed42,LoRA lr-match (seed 42),LoRA lr-match,42,q_proj,4.0,checkpoint_fraction,coefficient_update_rel,0.046526040136814106,0.05405684560537339,0.9401608580459453,0.8839024390016881,4
coefficient_update_vs_checkpoint,lora-match-seed42,LoRA lr-match (seed 42),LoRA lr-match,42,q_proj,5.0,checkpoint_fraction,coefficient_update_rel,0.04997448325157166,0.05666060745716093,0.9323843659402328,0.8693406058497699,4
delta_m_vs_delta_d,lora-match-seed42,LoRA lr-match (seed 42),LoRA lr-match,42,up_proj,,delta_direction,delta_magnitude_rel,1.068543449889351,0.0007481150228427151,0.9974181094745805,0.9948428851078464,24
coefficient_update_vs_checkpoint,lora-match-seed42,LoRA lr-match (seed 42),LoRA lr-match,42,up_proj,0.0,checkpoint_fraction,coefficient_update_rel,0.10338279902935023,0.10863223671913148,0.9335044063003147,0.871430476582103,4
coefficient_update_vs_checkpoint,lora-match-seed42,LoRA lr-match (seed 42),LoRA lr-match,42,up_proj,1.0,checkpoint_fraction,coefficient_update_rel,0.09699042737483976,0.10793730616569519,0.9326412757300708,0.869819749195414,4
coefficient_update_vs_checkpoint,lora-match-seed42,LoRA lr-match (seed 42),LoRA lr-match,42,up_proj,2.0,checkpoint_fraction,coefficient_update_rel,0.09126068949699395,0.11278157681226737,0.9272478587084132,0.8597885914793374,4
coefficient_update_vs_checkpoint,lora-match-seed42,LoRA lr-match (seed 42),LoRA lr-match,42,up_proj,3.0,checkpoint_fraction,coefficient_update_rel,0.08269082903861996,0.11670619249343872,0.924428217696459,0.8545675296734518,4
coefficient_update_vs_checkpoint,lora-match-seed42,LoRA lr-match (seed 42),LoRA lr-match,42,up_proj,4.0,checkpoint_fraction,coefficient_update_rel,0.08295735716819756,0.10446163266897204,0.9294543833666424,0.8638854507594655,4
coefficient_update_vs_checkpoint,lora-match-seed42,LoRA lr-match (seed 42),LoRA lr-match,42,up_proj,5.0,checkpoint_fraction,coefficient_update_rel,0.08099937736988065,0.10359413176774976,0.9278638046883447,0.8609312400507307,4
delta_m_vs_delta_d,lora-match-seed42,LoRA lr-match (seed 42),LoRA lr-match,42,v_proj,,delta_direction,delta_magnitude_paper,0.36265267005780355,0.0012404124476498159,0.9525558401688731,0.9073626286398276,24
delta_m_vs_delta_d,lora-match-seed42,LoRA lr-match (seed 42),LoRA lr-match,42,v_proj,,delta_direction,delta_magnitude_rel,1.0205619511294894,0.0008537615947226965,0.9959918821331659,0.9919998292751663,24
coefficient_update_vs_checkpoint,lora-match-seed42,LoRA lr-match (seed 42),LoRA lr-match,42,v_proj,0.0,checkpoint_fraction,coefficient_update_rel,0.07245293259620661,0.13271892070770266,0.9072675744763278,0.823134451696159,4
coefficient_update_vs_checkpoint,lora-match-seed42,LoRA lr-match (seed 42),LoRA lr-match,42,v_proj,1.0,checkpoint_fraction,coefficient_update_rel,0.07123850584030149,0.1188918352127075,0.9273523639463973,0.8599824069169714,4
coefficient_update_vs_checkpoint,lora-match-seed42,LoRA lr-match (seed 42),LoRA lr-match,42,v_proj,2.0,checkpoint_fraction,coefficient_update_rel,0.09376388788223268,0.14520893245935437,0.9268450293340497,0.8590417084012354,4
coefficient_update_vs_checkpoint,lora-match-seed42,LoRA lr-match (seed 42),LoRA lr-match,42,v_proj,3.0,checkpoint_fraction,coefficient_update_rel,0.07907558679580688,0.12303272634744644,0.9284922145221419,0.8620977924282313,4
coefficient_update_vs_checkpoint,lora-match-seed42,LoRA lr-match (seed 42),LoRA lr-match,42,v_proj,4.0,checkpoint_fraction,coefficient_update_rel,0.07992584109306336,0.11186492443084713,0.9316547567068714,0.8679805856945397,4
coefficient_update_vs_checkpoint,lora-match-seed42,LoRA lr-match (seed 42),LoRA lr-match,42,v_proj,5.0,checkpoint_fraction,coefficient_update_rel,0.0935242652893066,0.13010507822036746,0.9312675626062002,0.8672592731624931,4
delta_m_vs_delta_d,lora-match-seed43,LoRA lr-match (seed 43),LoRA lr-match,43,down_proj,,delta_direction,delta_magnitude_rel,1.0161826068036108,0.0011001436520504902,0.9618971863296111,0.9252461970688225,24
coefficient_update_vs_checkpoint,lora-match-seed43,LoRA lr-match (seed 43),LoRA lr-match,43,down_proj,0.0,checkpoint_fraction,coefficient_update_rel,0.07298924028873435,0.09727607667446142,0.9253038747091806,0.856187260551823,4
coefficient_update_vs_checkpoint,lora-match-seed43,LoRA lr-match (seed 43),LoRA lr-match,43,down_proj,1.0,checkpoint_fraction,coefficient_update_rel,0.051788625121116656,0.1004654765129089,0.9259409960181624,0.8573667281071066,4
coefficient_update_vs_checkpoint,lora-match-seed43,LoRA lr-match (seed 43),LoRA lr-match,43,down_proj,2.0,checkpoint_fraction,coefficient_update_rel,0.07614663839340209,0.08827245235443114,0.9244682156123728,0.8546414816775246,4
coefficient_update_vs_checkpoint,lora-match-seed43,LoRA lr-match (seed 43),LoRA lr-match,43,down_proj,3.0,checkpoint_fraction,coefficient_update_rel,0.07954571843147275,0.08919217437505719,0.9254569924064024,0.856470644793904,4
coefficient_update_vs_checkpoint,lora-match-seed43,LoRA lr-match (seed 43),LoRA lr-match,43,down_proj,4.0,checkpoint_fraction,coefficient_update_rel,0.07229751050472259,0.09203459322452542,0.9223013203025283,0.8506397254317869,4
coefficient_update_vs_checkpoint,lora-match-seed43,LoRA lr-match (seed 43),LoRA lr-match,43,down_proj,5.0,checkpoint_fraction,coefficient_update_rel,0.0717572182416916,0.08794584125280377,0.924614511529741,0.8549119949313815,4
delta_m_vs_delta_d,lora-match-seed43,LoRA lr-match (seed 43),LoRA lr-match,43,k_proj,,delta_direction,delta_magnitude_rel,1.4861910834357264,-0.0011405321269284691,0.9818948766742218,0.9641175488390853,24
coefficient_update_vs_checkpoint,lora-match-seed43,LoRA lr-match (seed 43),LoRA lr-match,43,k_proj,0.0,checkpoint_fraction,coefficient_update_rel,0.04505185782909391,0.06597045063972476,0.9203217529187572,0.8469921288954539,4
coefficient_update_vs_checkpoint,lora-match-seed43,LoRA lr-match (seed 43),LoRA lr-match,43,k_proj,1.0,checkpoint_fraction,coefficient_update_rel,0.021983188390731816,0.03304621763527393,0.9367739380783233,0.8775454110627703,4
coefficient_update_vs_checkpoint,lora-match-seed43,LoRA lr-match (seed 43),LoRA lr-match,43,k_proj,2.0,checkpoint_fraction,coefficient_update_rel,0.03105433434247969,0.03427865356206895,0.9415955375428088,0.886602156320531,4
coefficient_update_vs_checkpoint,lora-match-seed43,LoRA lr-match (seed 43),LoRA lr-match,43,k_proj,3.0,checkpoint_fraction,coefficient_update_rel,0.03331929594278336,0.035053083673119545,0.9337337979621619,0.8718588054568435,4
coefficient_update_vs_checkpoint,lora-match-seed43,LoRA lr-match (seed 43),LoRA lr-match,43,k_proj,4.0,checkpoint_fraction,coefficient_update_rel,0.033739301562309254,0.035660954192280755,0.9361333200488068,0.8763455929056018,4
coefficient_update_vs_checkpoint,lora-match-seed43,LoRA lr-match (seed 43),LoRA lr-match,43,k_proj,5.0,checkpoint_fraction,coefficient_update_rel,0.03720067590475081,0.039122279733419404,0.9232110863014152,0.8523187098698392,4
delta_m_vs_delta_d,lora-match-seed43,LoRA lr-match (seed 43),LoRA lr-match,43,q_proj,,delta_direction,delta_magnitude_paper,0.7570993508240929,0.0004285351029517813,0.9929898474967414,0.9860288372316016,24
delta_m_vs_delta_d,lora-match-seed43,LoRA lr-match (seed 43),LoRA lr-match,43,q_proj,,delta_direction,delta_magnitude_rel,1.036543988012847,-0.0003131053570282534,0.993718411556021,0.9874762814654215,24
coefficient_update_vs_checkpoint,lora-match-seed43,LoRA lr-match (seed 43),LoRA lr-match,43,q_proj,0.0,checkpoint_fraction,coefficient_update_rel,0.059672039747238156,0.07228055596351622,0.945180763002955,0.8933666747508481,4
coefficient_update_vs_checkpoint,lora-match-seed43,LoRA lr-match (seed 43),LoRA lr-match,43,q_proj,1.0,checkpoint_fraction,coefficient_update_rel,0.03772619813680648,0.05252667143940924,0.9315857752212701,0.8678520565946147,4
coefficient_update_vs_checkpoint,lora-match-seed43,LoRA lr-match (seed 43),LoRA lr-match,43,q_proj,2.0,checkpoint_fraction,coefficient_update_rel,0.04750430434942247,0.05388093739747998,0.9366539478922205,0.8773206181020824,4
coefficient_update_vs_checkpoint,lora-match-seed43,LoRA lr-match (seed 43),LoRA lr-match,43,q_proj,3.0,checkpoint_fraction,coefficient_update_rel,0.045370735228061655,0.055410534143447876,0.9351467559540857,0.8744994551714503,4
coefficient_update_vs_checkpoint,lora-match-seed43,LoRA lr-match (seed 43),LoRA lr-match,43,q_proj,4.0,checkpoint_fraction,coefficient_update_rel,0.046718785166740405,0.052591204643249505,0.9336949201100718,0.8717862038393535,4
coefficient_update_vs_checkpoint,lora-match-seed43,LoRA lr-match (seed 43),LoRA lr-match,43,q_proj,5.0,checkpoint_fraction,coefficient_update_rel,0.05077329725027081,0.05507024750113489,0.9361098290823523,0.8763016121045908,4
delta_m_vs_delta_d,lora-match-seed43,LoRA lr-match (seed 43),LoRA lr-match,43,up_proj,,delta_direction,delta_magnitude_rel,1.0649328541510081,0.0007756057672102833,0.9985816314627575,0.9971652746948224,24
coefficient_update_vs_checkpoint,lora-match-seed43,LoRA lr-match (seed 43),LoRA lr-match,43,up_proj,0.0,checkpoint_fraction,coefficient_update_rel,0.1054361581802368,0.10644520819187162,0.9330067222177967,0.8705015437035968,4
coefficient_update_vs_checkpoint,lora-match-seed43,LoRA lr-match (seed 43),LoRA lr-match,43,up_proj,1.0,checkpoint_fraction,coefficient_update_rel,0.09433042705059043,0.10982263833284385,0.9307140326183779,0.866228610512763,4
coefficient_update_vs_checkpoint,lora-match-seed43,LoRA lr-match (seed 43),LoRA lr-match,43,up_proj,2.0,checkpoint_fraction,coefficient_update_rel,0.09185203611850737,0.10983339697122572,0.9304287510119474,0.8656976607096525,4
coefficient_update_vs_checkpoint,lora-match-seed43,LoRA lr-match (seed 43),LoRA lr-match,43,up_proj,3.0,checkpoint_fraction,coefficient_update_rel,0.08280901312828064,0.1152007207274437,0.9267701652339274,0.8589029391677211,4
coefficient_update_vs_checkpoint,lora-match-seed43,LoRA lr-match (seed 43),LoRA lr-match,43,up_proj,4.0,checkpoint_fraction,coefficient_update_rel,0.08367316424846648,0.10607785731554026,0.9267846067161375,0.8589297072459856,4
coefficient_update_vs_checkpoint,lora-match-seed43,LoRA lr-match (seed 43),LoRA lr-match,43,up_proj,5.0,checkpoint_fraction,coefficient_update_rel,0.08133813142776486,0.10337390005588533,0.9268893779205112,0.8591239189018722,4
delta_m_vs_delta_d,lora-match-seed43,LoRA lr-match (seed 43),LoRA lr-match,43,v_proj,,delta_direction,delta_magnitude_paper,0.36313935519749513,0.0012574269472725226,0.9559406191364823,0.9138224673150411,24
delta_m_vs_delta_d,lora-match-seed43,LoRA lr-match (seed 43),LoRA lr-match,43,v_proj,,delta_direction,delta_magnitude_rel,1.0343850467376707,0.0006375339458840624,0.9970509027114313,0.99411050259768,24
coefficient_update_vs_checkpoint,lora-match-seed43,LoRA lr-match (seed 43),LoRA lr-match,43,v_proj,0.0,checkpoint_fraction,coefficient_update_rel,0.07782677412033086,0.12835932523012153,0.9206985183396311,0.8476857616727921,4
coefficient_update_vs_checkpoint,lora-match-seed43,LoRA lr-match (seed 43),LoRA lr-match,43,v_proj,1.0,checkpoint_fraction,coefficient_update_rel,0.06759995222091672,0.12073099613189696,0.9235424543505532,0.8529306649878435,4
coefficient_update_vs_checkpoint,lora-match-seed43,LoRA lr-match (seed 43),LoRA lr-match,43,v_proj,2.0,checkpoint_fraction,coefficient_update_rel,0.09591241478919983,0.14602840691804883,0.9238597880669863,0.8535169080071768,4
coefficient_update_vs_checkpoint,lora-match-seed43,LoRA lr-match (seed 43),LoRA lr-match,43,v_proj,3.0,checkpoint_fraction,coefficient_update_rel,0.0825182020664215,0.12148802727460857,0.9255066122989228,0.8565624894090287,4
coefficient_update_vs_checkpoint,lora-match-seed43,LoRA lr-match (seed 43),LoRA lr-match,43,v_proj,4.0,checkpoint_fraction,coefficient_update_rel,0.07887514233589173,0.1139358282089233,0.9327320473811745,0.8699890722118776,4
coefficient_update_vs_checkpoint,lora-match-seed43,LoRA lr-match (seed 43),LoRA lr-match,43,v_proj,5.0,checkpoint_fraction,coefficient_update_rel,0.093160080909729,0.13187721371650693,0.9294312791235868,0.8638425026133068,4
delta_m_vs_delta_d,qdora-seed42-fp32,QDoRA-fp32 (seed 42),QDoRA-fp32,42,down_proj,,delta_direction,delta_magnitude_rel,2.8150655733182592,0.004037327633579296,0.561646622844817,0.31544692895298815,24
coefficient_update_vs_checkpoint,qdora-seed42-fp32,QDoRA-fp32 (seed 42),QDoRA-fp32,42,down_proj,0.0,checkpoint_fraction,coefficient_update_rel,0.007349108159542082,0.05767701566219329,0.8105116304215272,0.6569291030485622,4
coefficient_update_vs_checkpoint,qdora-seed42-fp32,QDoRA-fp32 (seed 42),QDoRA-fp32,42,down_proj,1.0,checkpoint_fraction,coefficient_update_rel,0.005828650295734384,0.04544530250132085,0.7864635511310216,0.618524917257617,4
coefficient_update_vs_checkpoint,qdora-seed42-fp32,QDoRA-fp32 (seed 42),QDoRA-fp32,42,down_proj,2.0,checkpoint_fraction,coefficient_update_rel,0.007515771687030797,0.05490780994296071,0.8145306011807187,0.663460100259823,4
coefficient_update_vs_checkpoint,qdora-seed42-fp32,QDoRA-fp32 (seed 42),QDoRA-fp32,42,down_proj,3.0,checkpoint_fraction,coefficient_update_rel,0.008619362115859975,0.05439885705709455,0.8103886274694466,0.6567297275318136,4
coefficient_update_vs_checkpoint,qdora-seed42-fp32,QDoRA-fp32 (seed 42),QDoRA-fp32,42,down_proj,4.0,checkpoint_fraction,coefficient_update_rel,0.00877444744110107,0.055508131161332123,0.8113188175795895,0.6582382237587432,4
coefficient_update_vs_checkpoint,qdora-seed42-fp32,QDoRA-fp32 (seed 42),QDoRA-fp32,42,down_proj,5.0,checkpoint_fraction,coefficient_update_rel,0.008757907152175917,0.05553841218352316,0.7881560105029616,0.6211898968919445,4
delta_m_vs_delta_d,qdora-seed42-fp32,QDoRA-fp32 (seed 42),QDoRA-fp32,42,k_proj,,delta_direction,delta_magnitude_rel,0.8350027271260694,0.004912382194012821,0.20878104357877014,0.043589524157840315,24
coefficient_update_vs_checkpoint,qdora-seed42-fp32,QDoRA-fp32 (seed 42),QDoRA-fp32,42,k_proj,0.0,checkpoint_fraction,coefficient_update_rel,0.0030445277690887363,0.032025886699557304,0.813632696859091,0.6619981653981974,4
coefficient_update_vs_checkpoint,qdora-seed42-fp32,QDoRA-fp32 (seed 42),QDoRA-fp32,42,k_proj,1.0,checkpoint_fraction,coefficient_update_rel,0.0038529835641384165,0.01890718471258878,0.8414168350871692,0.7079822903681086,4
coefficient_update_vs_checkpoint,qdora-seed42-fp32,QDoRA-fp32 (seed 42),QDoRA-fp32,42,k_proj,2.0,checkpoint_fraction,coefficient_update_rel,0.0029471285641193357,0.020974405109882358,0.8329896484207855,0.6938717543761839,4
coefficient_update_vs_checkpoint,qdora-seed42-fp32,QDoRA-fp32 (seed 42),QDoRA-fp32,42,k_proj,3.0,checkpoint_fraction,coefficient_update_rel,0.003989437222480771,0.020989548414945602,0.8300232176096062,0.6889385417710037,4
coefficient_update_vs_checkpoint,qdora-seed42-fp32,QDoRA-fp32 (seed 42),QDoRA-fp32,42,k_proj,4.0,checkpoint_fraction,coefficient_update_rel,0.004547074437141415,0.021682308055460453,0.8374540099636907,0.7013292188042654,4
coefficient_update_vs_checkpoint,qdora-seed42-fp32,QDoRA-fp32 (seed 42),QDoRA-fp32,42,k_proj,5.0,checkpoint_fraction,coefficient_update_rel,0.004299259930849078,0.023431463167071332,0.81736076384582,0.6680786182746223,4
delta_m_vs_delta_d,qdora-seed42-fp32,QDoRA-fp32 (seed 42),QDoRA-fp32,42,q_proj,,delta_direction,delta_magnitude_paper,1.3046807658942425,0.006053621371867769,0.2934872077981461,0.08613474114115217,24
delta_m_vs_delta_d,qdora-seed42-fp32,QDoRA-fp32 (seed 42),QDoRA-fp32,42,q_proj,,delta_direction,delta_magnitude_rel,1.4212927822741401,0.006993649394105453,0.2712897333642523,0.07359811942884709,24
coefficient_update_vs_checkpoint,qdora-seed42-fp32,QDoRA-fp32 (seed 42),QDoRA-fp32,42,q_proj,0.0,checkpoint_fraction,coefficient_update_rel,0.004832777380943283,0.03846948035061361,0.8246286559057765,0.6800124201409675,4
coefficient_update_vs_checkpoint,qdora-seed42-fp32,QDoRA-fp32 (seed 42),QDoRA-fp32,42,q_proj,1.0,checkpoint_fraction,coefficient_update_rel,0.004022710770368575,0.028562486171722412,0.834053641067267,0.6956454761775654,4
coefficient_update_vs_checkpoint,qdora-seed42-fp32,QDoRA-fp32 (seed 42),QDoRA-fp32,42,q_proj,2.0,checkpoint_fraction,coefficient_update_rel,0.0038428030908107596,0.02986714802682401,0.8436591049083066,0.7117606852946852,4
coefficient_update_vs_checkpoint,qdora-seed42-fp32,QDoRA-fp32 (seed 42),QDoRA-fp32,42,q_proj,3.0,checkpoint_fraction,coefficient_update_rel,0.005005851387977582,0.031452525407075896,0.8332737060895479,0.6943450692602102,4
coefficient_update_vs_checkpoint,qdora-seed42-fp32,QDoRA-fp32 (seed 42),QDoRA-fp32,42,q_proj,4.0,checkpoint_fraction,coefficient_update_rel,0.005004270374774927,0.031581927090883255,0.8338778090617593,0.69535220044564,4
coefficient_update_vs_checkpoint,qdora-seed42-fp32,QDoRA-fp32 (seed 42),QDoRA-fp32,42,q_proj,5.0,checkpoint_fraction,coefficient_update_rel,0.005268797278404242,0.03264601901173591,0.8353130494218849,0.6977478905344883,4
delta_m_vs_delta_d,qdora-seed42-fp32,QDoRA-fp32 (seed 42),QDoRA-fp32,42,up_proj,,delta_direction,delta_magnitude_rel,6.880127062023832,-0.0003409835610163041,0.6475262508757755,0.4192902455732378,24
coefficient_update_vs_checkpoint,qdora-seed42-fp32,QDoRA-fp32 (seed 42),QDoRA-fp32,42,up_proj,0.0,checkpoint_fraction,coefficient_update_rel,0.008810487389564498,0.06409204751253128,0.8344174118424141,0.696252417185793,4
coefficient_update_vs_checkpoint,qdora-seed42-fp32,QDoRA-fp32 (seed 42),QDoRA-fp32,42,up_proj,1.0,checkpoint_fraction,coefficient_update_rel,0.008509525656700098,0.06597845628857615,0.8164904973894876,0.6666567323273329,4
coefficient_update_vs_checkpoint,qdora-seed42-fp32,QDoRA-fp32 (seed 42),QDoRA-fp32,42,up_proj,2.0,checkpoint_fraction,coefficient_update_rel,0.008456513285636862,0.06599854305386545,0.8163715448794235,0.6664624992888166,4
coefficient_update_vs_checkpoint,qdora-seed42-fp32,QDoRA-fp32 (seed 42),QDoRA-fp32,42,up_proj,3.0,checkpoint_fraction,coefficient_update_rel,0.00895221233367917,0.06908107921481135,0.8104069008750105,0.6567593449858392,4
coefficient_update_vs_checkpoint,qdora-seed42-fp32,QDoRA-fp32 (seed 42),QDoRA-fp32,42,up_proj,4.0,checkpoint_fraction,coefficient_update_rel,0.009192100167274467,0.061952970921993256,0.8195039117811547,0.6715866614246145,4
coefficient_update_vs_checkpoint,qdora-seed42-fp32,QDoRA-fp32 (seed 42),QDoRA-fp32,42,up_proj,5.0,checkpoint_fraction,coefficient_update_rel,0.009096442162990553,0.061601340770721456,0.8098077543522021,0.6557885990089565,4
delta_m_vs_delta_d,qdora-seed42-fp32,QDoRA-fp32 (seed 42),QDoRA-fp32,42,v_proj,,delta_direction,delta_magnitude_paper,0.66371588039309,0.005933630552731969,0.3726747869373443,0.13888649681879497,24
delta_m_vs_delta_d,qdora-seed42-fp32,QDoRA-fp32 (seed 42),QDoRA-fp32,42,v_proj,,delta_direction,delta_magnitude_rel,3.8492728466496575,0.009101632034457954,0.6983992557823507,0.4877615204773414,24
coefficient_update_vs_checkpoint,qdora-seed42-fp32,QDoRA-fp32 (seed 42),QDoRA-fp32,42,v_proj,0.0,checkpoint_fraction,coefficient_update_rel,0.008264672756195045,0.07431521266698839,0.832237577776574,0.6926193858634191,4
coefficient_update_vs_checkpoint,qdora-seed42-fp32,QDoRA-fp32 (seed 42),QDoRA-fp32,42,v_proj,1.0,checkpoint_fraction,coefficient_update_rel,0.007685002684593177,0.06596276536583902,0.8389029858314474,0.7037582196369176,4
coefficient_update_vs_checkpoint,qdora-seed42-fp32,QDoRA-fp32 (seed 42),QDoRA-fp32,42,v_proj,2.0,checkpoint_fraction,coefficient_update_rel,0.01026457250118253,0.0839628912508488,0.8278448599673472,0.6853271121743568,4
coefficient_update_vs_checkpoint,qdora-seed42-fp32,QDoRA-fp32 (seed 42),QDoRA-fp32,42,v_proj,3.0,checkpoint_fraction,coefficient_update_rel,0.009078744053840631,0.06942455470561983,0.820352212342424,0.6729777522951095,4
coefficient_update_vs_checkpoint,qdora-seed42-fp32,QDoRA-fp32 (seed 42),QDoRA-fp32,42,v_proj,4.0,checkpoint_fraction,coefficient_update_rel,0.00919763743877407,0.06325992569327359,0.8197482039740798,0.6719871179187294,4
coefficient_update_vs_checkpoint,qdora-seed42-fp32,QDoRA-fp32 (seed 42),QDoRA-fp32,42,v_proj,5.0,checkpoint_fraction,coefficient_update_rel,0.01190117895603177,0.07695924863219261,0.828802565362487,0.6869136923514395,4
delta_m_vs_delta_d,qdora-seed43-fp32,QDoRA-fp32 (seed 43),QDoRA-fp32,43,down_proj,,delta_direction,delta_magnitude_rel,2.9726159999017083,0.003763896414618804,0.5730994329929545,0.328442960096846,24
coefficient_update_vs_checkpoint,qdora-seed43-fp32,QDoRA-fp32 (seed 43),QDoRA-fp32,43,down_proj,0.0,checkpoint_fraction,coefficient_update_rel,0.0069434374570846585,0.059006772935390445,0.8134784216054293,0.6617471424176605,4
coefficient_update_vs_checkpoint,qdora-seed43-fp32,QDoRA-fp32 (seed 43),QDoRA-fp32,43,down_proj,1.0,checkpoint_fraction,coefficient_update_rel,0.0063116878271102924,0.046477336436510065,0.7696260860224308,0.592324312286206,4
coefficient_update_vs_checkpoint,qdora-seed43-fp32,QDoRA-fp32 (seed 43),QDoRA-fp32,43,down_proj,2.0,checkpoint_fraction,coefficient_update_rel,0.00819287002086638,0.05403922311961652,0.813589954867814,0.6619286146618117,4
coefficient_update_vs_checkpoint,qdora-seed43-fp32,QDoRA-fp32 (seed 43),QDoRA-fp32,43,down_proj,3.0,checkpoint_fraction,coefficient_update_rel,0.008180932700634,0.05664432421326638,0.8190763994101294,0.6708861480706619,4
coefficient_update_vs_checkpoint,qdora-seed43-fp32,QDoRA-fp32 (seed 43),QDoRA-fp32,43,down_proj,4.0,checkpoint_fraction,coefficient_update_rel,0.008767156302928911,0.05611333996057511,0.8077218331061826,0.6524145596764119,4
coefficient_update_vs_checkpoint,qdora-seed43-fp32,QDoRA-fp32 (seed 43),QDoRA-fp32,43,down_proj,5.0,checkpoint_fraction,coefficient_update_rel,0.00937607288360593,0.05277139879763127,0.8059488589832812,0.6495535632964529,4
delta_m_vs_delta_d,qdora-seed43-fp32,QDoRA-fp32 (seed 43),QDoRA-fp32,43,k_proj,,delta_direction,delta_magnitude_rel,0.7602466296830677,0.0049413649602047345,0.23451355115586037,0.054996605675732335,24
coefficient_update_vs_checkpoint,qdora-seed43-fp32,QDoRA-fp32 (seed 43),QDoRA-fp32,43,k_proj,0.0,checkpoint_fraction,coefficient_update_rel,0.003656907379627224,0.03263025917112827,0.8139118850276792,0.6624525565893101,4
coefficient_update_vs_checkpoint,qdora-seed43-fp32,QDoRA-fp32 (seed 43),QDoRA-fp32,43,k_proj,1.0,checkpoint_fraction,coefficient_update_rel,0.0036804236471652927,0.020115059800446033,0.8526220000086662,0.7269642748987779,4
coefficient_update_vs_checkpoint,qdora-seed43-fp32,QDoRA-fp32 (seed 43),QDoRA-fp32,43,k_proj,2.0,checkpoint_fraction,coefficient_update_rel,0.002691958099603639,0.021853164769709117,0.8226589003326312,0.6767676662964941,4
coefficient_update_vs_checkpoint,qdora-seed43-fp32,QDoRA-fp32 (seed 43),QDoRA-fp32,43,k_proj,3.0,checkpoint_fraction,coefficient_update_rel,0.003861488401889794,0.02054862957447768,0.8324084922838723,0.6929038980263095,4
coefficient_update_vs_checkpoint,qdora-seed43-fp32,QDoRA-fp32 (seed 43),QDoRA-fp32,43,k_proj,4.0,checkpoint_fraction,coefficient_update_rel,0.004623869806528084,0.020250028930604468,0.8303985608386681,0.6895617698429313,4
coefficient_update_vs_checkpoint,qdora-seed43-fp32,QDoRA-fp32 (seed 43),QDoRA-fp32,43,k_proj,5.0,checkpoint_fraction,coefficient_update_rel,0.0037267930805683093,0.023258335888385773,0.8376047869025576,0.7015817790420789,4
delta_m_vs_delta_d,qdora-seed43-fp32,QDoRA-fp32 (seed 43),QDoRA-fp32,43,q_proj,,delta_direction,delta_magnitude_paper,1.761963200824611,0.0055271254497418565,0.39214590143740746,0.15377840801415688,24
delta_m_vs_delta_d,qdora-seed43-fp32,QDoRA-fp32 (seed 43),QDoRA-fp32,43,q_proj,,delta_direction,delta_magnitude_rel,1.6752004839183208,0.006704206979951056,0.3161323444829533,0.09993965922828865,24
coefficient_update_vs_checkpoint,qdora-seed43-fp32,QDoRA-fp32 (seed 43),QDoRA-fp32,43,q_proj,0.0,checkpoint_fraction,coefficient_update_rel,0.0038363561034202454,0.04075456410646439,0.8538589680546345,0.7290751373273253,4
coefficient_update_vs_checkpoint,qdora-seed43-fp32,QDoRA-fp32 (seed 43),QDoRA-fp32,43,q_proj,1.0,checkpoint_fraction,coefficient_update_rel,0.004477059096097939,0.02860215306282044,0.8338880258930426,0.6953692397277956,4
coefficient_update_vs_checkpoint,qdora-seed43-fp32,QDoRA-fp32 (seed 43),QDoRA-fp32,43,q_proj,2.0,checkpoint_fraction,coefficient_update_rel,0.003826466947793943,0.030661011114716537,0.8282355466361648,0.6859741207117068,4
coefficient_update_vs_checkpoint,qdora-seed43-fp32,QDoRA-fp32 (seed 43),QDoRA-fp32,43,q_proj,3.0,checkpoint_fraction,coefficient_update_rel,0.004761250317096704,0.03186316788196564,0.827936176176089,0.6854783118210838,4
coefficient_update_vs_checkpoint,qdora-seed43-fp32,QDoRA-fp32 (seed 43),QDoRA-fp32,43,q_proj,4.0,checkpoint_fraction,coefficient_update_rel,0.004764862358570083,0.03218356519937516,0.8271814963673493,0.684229227932527,4
coefficient_update_vs_checkpoint,qdora-seed43-fp32,QDoRA-fp32 (seed 43),QDoRA-fp32,43,q_proj,5.0,checkpoint_fraction,coefficient_update_rel,0.004922403395175932,0.03315266035497187,0.8265137710160003,0.6831250136790894,4
delta_m_vs_delta_d,qdora-seed43-fp32,QDoRA-fp32 (seed 43),QDoRA-fp32,43,up_proj,,delta_direction,delta_magnitude_rel,6.903905895078403,-0.0002999512594299025,0.6594298189811272,0.43484768616148217,24
coefficient_update_vs_checkpoint,qdora-seed43-fp32,QDoRA-fp32 (seed 43),QDoRA-fp32,43,up_proj,0.0,checkpoint_fraction,coefficient_update_rel,0.00908209085464477,0.0628519281744957,0.834234309504998,0.6959468831552807,4
coefficient_update_vs_checkpoint,qdora-seed43-fp32,QDoRA-fp32 (seed 43),QDoRA-fp32,43,up_proj,1.0,checkpoint_fraction,coefficient_update_rel,0.008469715714454642,0.06699007004499435,0.8242378737252343,0.6793680724830953,4
coefficient_update_vs_checkpoint,qdora-seed43-fp32,QDoRA-fp32 (seed 43),QDoRA-fp32,43,up_proj,2.0,checkpoint_fraction,coefficient_update_rel,0.008232665061950683,0.06599868834018706,0.819630678765129,0.6717944495729861,4
coefficient_update_vs_checkpoint,qdora-seed43-fp32,QDoRA-fp32 (seed 43),QDoRA-fp32,43,up_proj,3.0,checkpoint_fraction,coefficient_update_rel,0.008758351206779464,0.06831949949264526,0.8084292275244006,0.6535578159156991,4
coefficient_update_vs_checkpoint,qdora-seed43-fp32,QDoRA-fp32 (seed 43),QDoRA-fp32,43,up_proj,4.0,checkpoint_fraction,coefficient_update_rel,0.009393669664859773,0.06191758438944814,0.820115556923984,0.6725895267087364,4
coefficient_update_vs_checkpoint,qdora-seed43-fp32,QDoRA-fp32 (seed 43),QDoRA-fp32,43,up_proj,5.0,checkpoint_fraction,coefficient_update_rel,0.009596727788448315,0.060700304806232445,0.8134166565416865,0.6616466571394559,4
delta_m_vs_delta_d,qdora-seed43-fp32,QDoRA-fp32 (seed 43),QDoRA-fp32,43,v_proj,,delta_direction,delta_magnitude_paper,0.5734124637212493,0.0063070937860911875,0.2952511088860026,0.08717321729841415,24
delta_m_vs_delta_d,qdora-seed43-fp32,QDoRA-fp32 (seed 43),QDoRA-fp32,43,v_proj,,delta_direction,delta_magnitude_rel,3.310786943629876,0.011338151093219284,0.5656895497617526,0.32000466670965433,24
coefficient_update_vs_checkpoint,qdora-seed43-fp32,QDoRA-fp32 (seed 43),QDoRA-fp32,43,v_proj,0.0,checkpoint_fraction,coefficient_update_rel,0.007321277260780332,0.07127639278769493,0.8323968693361145,0.6928845480805644,4
coefficient_update_vs_checkpoint,qdora-seed43-fp32,QDoRA-fp32 (seed 43),QDoRA-fp32,43,v_proj,1.0,checkpoint_fraction,coefficient_update_rel,0.007026723027229296,0.06494742631912231,0.8262821948717705,0.6827422655621105,4
coefficient_update_vs_checkpoint,qdora-seed43-fp32,QDoRA-fp32 (seed 43),QDoRA-fp32,43,v_proj,2.0,checkpoint_fraction,coefficient_update_rel,0.01022544503211973,0.08192151039838792,0.8215624468856955,0.6749648541328112,4
coefficient_update_vs_checkpoint,qdora-seed43-fp32,QDoRA-fp32 (seed 43),QDoRA-fp32,43,v_proj,3.0,checkpoint_fraction,coefficient_update_rel,0.009901314973831158,0.06833312287926677,0.8216082944514818,0.6750401895114727,4
coefficient_update_vs_checkpoint,qdora-seed43-fp32,QDoRA-fp32 (seed 43),QDoRA-fp32,43,v_proj,4.0,checkpoint_fraction,coefficient_update_rel,0.009615764021873455,0.06573461368679999,0.8264436422050571,0.6830090937411604,4
coefficient_update_vs_checkpoint,qdora-seed43-fp32,QDoRA-fp32 (seed 43),QDoRA-fp32,43,v_proj,5.0,checkpoint_fraction,coefficient_update_rel,0.012258270382881128,0.07358366996049882,0.827928702682428,0.6854659367254083,4
delta_m_vs_delta_d,qlora-seed42,QLoRA (seed 42),QLoRA,42,down_proj,,delta_direction,delta_magnitude_rel,0.6717111064407933,0.0008772932284746199,0.9497241953116714,0.9019760471604018,24
coefficient_update_vs_checkpoint,qlora-seed42,QLoRA (seed 42),QLoRA,42,down_proj,0.0,checkpoint_fraction,coefficient_update_rel,0.0074538752436637675,0.05702302604913713,0.80793443285048,0.6527580477854269,4
coefficient_update_vs_checkpoint,qlora-seed42,QLoRA (seed 42),QLoRA,42,down_proj,1.0,checkpoint_fraction,coefficient_update_rel,0.006461741030216211,0.04601006396114826,0.7957177033180303,0.6331666633737209,4
coefficient_update_vs_checkpoint,qlora-seed42,QLoRA (seed 42),QLoRA,42,down_proj,2.0,checkpoint_fraction,coefficient_update_rel,0.007686451077461221,0.055692806839942946,0.8064909301555322,0.6504276204231355,4
coefficient_update_vs_checkpoint,qlora-seed42,QLoRA (seed 42),QLoRA,42,down_proj,3.0,checkpoint_fraction,coefficient_update_rel,0.008463846147060392,0.05568102188408375,0.8040192127359196,0.6464468944484879,4
coefficient_update_vs_checkpoint,qlora-seed42,QLoRA (seed 42),QLoRA,42,down_proj,4.0,checkpoint_fraction,coefficient_update_rel,0.008449202775955194,0.05687954276800156,0.7968434588169994,0.634959497859439,4
coefficient_update_vs_checkpoint,qlora-seed42,QLoRA (seed 42),QLoRA,42,down_proj,5.0,checkpoint_fraction,coefficient_update_rel,0.008999148011207578,0.05400900542736053,0.8079746500955407,0.6528230351970115,4
delta_m_vs_delta_d,qlora-seed42,QLoRA (seed 42),QLoRA,42,k_proj,,delta_direction,delta_magnitude_rel,1.1687363704520966,-2.6776656867669943e-05,0.8005850773159849,0.6409364660210416,24
coefficient_update_vs_checkpoint,qlora-seed42,QLoRA (seed 42),QLoRA,42,k_proj,0.0,checkpoint_fraction,coefficient_update_rel,0.0023444846272468504,0.03119942918419838,0.836048821307839,0.6989776316102269,4
coefficient_update_vs_checkpoint,qlora-seed42,QLoRA (seed 42),QLoRA,42,k_proj,1.0,checkpoint_fraction,coefficient_update_rel,0.0036092981696128875,0.0204953895881772,0.8501270343160375,0.7227159744749813,4
coefficient_update_vs_checkpoint,qlora-seed42,QLoRA (seed 42),QLoRA,42,k_proj,2.0,checkpoint_fraction,coefficient_update_rel,0.0027596689760684937,0.022554461844265457,0.8197907750614923,0.6720569148759223,4
coefficient_update_vs_checkpoint,qlora-seed42,QLoRA (seed 42),QLoRA,42,k_proj,3.0,checkpoint_fraction,coefficient_update_rel,0.0037654206156730644,0.021063288673758503,0.8273508395187883,0.6845094116524438,4
coefficient_update_vs_checkpoint,qlora-seed42,QLoRA (seed 42),QLoRA,42,k_proj,4.0,checkpoint_fraction,coefficient_update_rel,0.004426151514053339,0.02169623784720899,0.8373691166813344,0.7011870375716782,4
coefficient_update_vs_checkpoint,qlora-seed42,QLoRA (seed 42),QLoRA,42,k_proj,5.0,checkpoint_fraction,coefficient_update_rel,0.003748131543397902,0.023322835564613342,0.828478762044321,0.6863770591584907,4
delta_m_vs_delta_d,qlora-seed42,QLoRA (seed 42),QLoRA,42,q_proj,,delta_direction,delta_magnitude_paper,1.3203952301134447,-0.0004308465226000838,0.9090272243482489,0.8263304946062816,24
delta_m_vs_delta_d,qlora-seed42,QLoRA (seed 42),QLoRA,42,q_proj,,delta_direction,delta_magnitude_rel,1.7108294933567485,-0.0007043426304899707,0.8918408092163507,0.7953800289836752,24
coefficient_update_vs_checkpoint,qlora-seed42,QLoRA (seed 42),QLoRA,42,q_proj,0.0,checkpoint_fraction,coefficient_update_rel,0.004329122602939592,0.03909077122807504,0.8428485167463459,0.7103936221815152,4
coefficient_update_vs_checkpoint,qlora-seed42,QLoRA (seed 42),QLoRA,42,q_proj,1.0,checkpoint_fraction,coefficient_update_rel,0.004306089133024213,0.028884718194603923,0.8422869917541032,0.7094473764781767,4
coefficient_update_vs_checkpoint,qlora-seed42,QLoRA (seed 42),QLoRA,42,q_proj,2.0,checkpoint_fraction,coefficient_update_rel,0.003705104440450658,0.03003491461277009,0.8377049176860231,0.7017495291153467,4
coefficient_update_vs_checkpoint,qlora-seed42,QLoRA (seed 42),QLoRA,42,q_proj,3.0,checkpoint_fraction,coefficient_update_rel,0.004594530165195467,0.03154751285910605,0.833640950231644,0.6949572339031183,4
coefficient_update_vs_checkpoint,qlora-seed42,QLoRA (seed 42),QLoRA,42,q_proj,4.0,checkpoint_fraction,coefficient_update_rel,0.005250625312328331,0.0330264139920473,0.8215330618839579,0.674916571768431,4
coefficient_update_vs_checkpoint,qlora-seed42,QLoRA (seed 42),QLoRA,42,q_proj,5.0,checkpoint_fraction,coefficient_update_rel,0.0048077762126922585,0.03289794549345971,0.8274889784980954,0.6847380095358214,4
delta_m_vs_delta_d,qlora-seed42,QLoRA (seed 42),QLoRA,42,up_proj,,delta_direction,delta_magnitude_rel,1.1354877112619963,0.00012466827958896074,0.9720760605758527,0.9449318675446688,24
coefficient_update_vs_checkpoint,qlora-seed42,QLoRA (seed 42),QLoRA,42,up_proj,0.0,checkpoint_fraction,coefficient_update_rel,0.00916348099708555,0.06295844167470933,0.828833815134795,0.6869654931108996,4
coefficient_update_vs_checkpoint,qlora-seed42,QLoRA (seed 42),QLoRA,42,up_proj,1.0,checkpoint_fraction,coefficient_update_rel,0.008939778804779053,0.06463383883237837,0.8194710172919067,0.6715327481814325,4
coefficient_update_vs_checkpoint,qlora-seed42,QLoRA (seed 42),QLoRA,42,up_proj,2.0,checkpoint_fraction,coefficient_update_rel,0.008542108535766597,0.06725210323929787,0.8161131888814777,0.6660407370662944,4
coefficient_update_vs_checkpoint,qlora-seed42,QLoRA (seed 42),QLoRA,42,up_proj,3.0,checkpoint_fraction,coefficient_update_rel,0.008712160587310764,0.06786729022860528,0.8113081460383235,0.6582209078281416,4
coefficient_update_vs_checkpoint,qlora-seed42,QLoRA (seed 42),QLoRA,42,up_proj,4.0,checkpoint_fraction,coefficient_update_rel,0.009450718760490405,0.062258180230855935,0.8259459327066223,0.6821866837546122,4
coefficient_update_vs_checkpoint,qlora-seed42,QLoRA (seed 42),QLoRA,42,up_proj,5.0,checkpoint_fraction,coefficient_update_rel,0.009214898943901035,0.06232976540923119,0.8090049168961474,0.6544889555621424,4
delta_m_vs_delta_d,qlora-seed42,QLoRA (seed 42),QLoRA,42,v_proj,,delta_direction,delta_magnitude_paper,0.2689647280049123,0.0005112088147212572,0.8928469959878549,0.7971757582445366,24
delta_m_vs_delta_d,qlora-seed42,QLoRA (seed 42),QLoRA,42,v_proj,,delta_direction,delta_magnitude_rel,0.9324854701328802,0.0005033130060991513,0.9840854487139374,0.9684241703705115,24
coefficient_update_vs_checkpoint,qlora-seed42,QLoRA (seed 42),QLoRA,42,v_proj,0.0,checkpoint_fraction,coefficient_update_rel,0.007146319746971099,0.07344609126448635,0.8304088534386475,0.689578863869289,4
coefficient_update_vs_checkpoint,qlora-seed42,QLoRA (seed 42),QLoRA,42,v_proj,1.0,checkpoint_fraction,coefficient_update_rel,0.008285889029502861,0.0652044378221035,0.8349368916157348,0.6971196129809453,4
coefficient_update_vs_checkpoint,qlora-seed42,QLoRA (seed 42),QLoRA,42,v_proj,2.0,checkpoint_fraction,coefficient_update_rel,0.010584667325019849,0.07982886210083957,0.8204580856443412,0.6731514702991771,4
coefficient_update_vs_checkpoint,qlora-seed42,QLoRA (seed 42),QLoRA,42,v_proj,3.0,checkpoint_fraction,coefficient_update_rel,0.009400463104248013,0.06906966492533687,0.8169370226706502,0.6673860990099864,4
coefficient_update_vs_checkpoint,qlora-seed42,QLoRA (seed 42),QLoRA,42,v_proj,4.0,checkpoint_fraction,coefficient_update_rel,0.010798750817775718,0.06097091734409333,0.82466943671172,0.6800796798464256,4
coefficient_update_vs_checkpoint,qlora-seed42,QLoRA (seed 42),QLoRA,42,v_proj,5.0,checkpoint_fraction,coefficient_update_rel,0.011842569708824125,0.07759412005543709,0.8301454644611923,0.6891414921654887,4
delta_m_vs_delta_d,qlora-seed43,QLoRA (seed 43),QLoRA,43,down_proj,,delta_direction,delta_magnitude_rel,0.6350691177992501,0.0009771258953956297,0.910465984057536,0.8289483081258574,24
coefficient_update_vs_checkpoint,qlora-seed43,QLoRA (seed 43),QLoRA,43,down_proj,0.0,checkpoint_fraction,coefficient_update_rel,0.007340461015701268,0.057970665395259864,0.8178541552715413,0.6688854192949263,4
coefficient_update_vs_checkpoint,qlora-seed43,QLoRA (seed 43),QLoRA,43,down_proj,1.0,checkpoint_fraction,coefficient_update_rel,0.006409500539302812,0.046701181679964066,0.7985174476293059,0.6376301141684213,4
coefficient_update_vs_checkpoint,qlora-seed43,QLoRA (seed 43),QLoRA,43,down_proj,2.0,checkpoint_fraction,coefficient_update_rel,0.008074936270713779,0.05543443933129313,0.8105107504861847,0.6569276766536783,4
coefficient_update_vs_checkpoint,qlora-seed43,QLoRA (seed 43),QLoRA,43,down_proj,3.0,checkpoint_fraction,coefficient_update_rel,0.008220198750495903,0.0564991384744644,0.8116360739036798,0.6587531164617795,4
coefficient_update_vs_checkpoint,qlora-seed43,QLoRA (seed 43),QLoRA,43,down_proj,4.0,checkpoint_fraction,coefficient_update_rel,0.008627516031265256,0.05755681917071343,0.7993655411161495,0.6389852683239146,4
coefficient_update_vs_checkpoint,qlora-seed43,QLoRA (seed 43),QLoRA,43,down_proj,5.0,checkpoint_fraction,coefficient_update_rel,0.008432883024215685,0.055695042014121995,0.782762397593372,0.6127169710861241,4
delta_m_vs_delta_d,qlora-seed43,QLoRA (seed 43),QLoRA,43,k_proj,,delta_direction,delta_magnitude_rel,1.2183675591229866,-4.11068724190286e-05,0.7654303760724873,0.5858836606144694,24
coefficient_update_vs_checkpoint,qlora-seed43,QLoRA (seed 43),QLoRA,43,k_proj,0.0,checkpoint_fraction,coefficient_update_rel,0.0031643860042095038,0.030615454539656646,0.7987260036339205,0.6379632288810136,4
coefficient_update_vs_checkpoint,qlora-seed43,QLoRA (seed 43),QLoRA,43,k_proj,1.0,checkpoint_fraction,coefficient_update_rel,0.0033969648182392126,0.020202923566102975,0.8675888750003724,0.7527104560244118,4
coefficient_update_vs_checkpoint,qlora-seed43,QLoRA (seed 43),QLoRA,43,k_proj,2.0,checkpoint_fraction,coefficient_update_rel,0.0025941610336303665,0.021684410050511364,0.8221974739015185,0.6760086860900383,4
coefficient_update_vs_checkpoint,qlora-seed43,QLoRA (seed 43),QLoRA,43,k_proj,3.0,checkpoint_fraction,coefficient_update_rel,0.004164299368858337,0.020471527241170406,0.8366312986779958,0.6999519299276298,4
coefficient_update_vs_checkpoint,qlora-seed43,QLoRA (seed 43),QLoRA,43,k_proj,4.0,checkpoint_fraction,coefficient_update_rel,0.004206825792789461,0.021471838466823094,0.838318346142713,0.7027776494794534,4
coefficient_update_vs_checkpoint,qlora-seed43,QLoRA (seed 43),QLoRA,43,k_proj,5.0,checkpoint_fraction,coefficient_update_rel,0.0031511522829532493,0.025413635186851028,0.8281242717914018,0.6857898095300395,4
delta_m_vs_delta_d,qlora-seed43,QLoRA (seed 43),QLoRA,43,q_proj,,delta_direction,delta_magnitude_paper,1.426370078399003,-0.0005385742697121355,0.8623411128437914,0.7436321949006687,24
delta_m_vs_delta_d,qlora-seed43,QLoRA (seed 43),QLoRA,43,q_proj,,delta_direction,delta_magnitude_rel,1.77965331759606,-0.0007747810917180384,0.83843367428219,0.7029710261703334,24
coefficient_update_vs_checkpoint,qlora-seed43,QLoRA (seed 43),QLoRA,43,q_proj,0.0,checkpoint_fraction,coefficient_update_rel,0.0027624443173408448,0.03991753049194812,0.8237429017979634,0.6785523682625292,4
coefficient_update_vs_checkpoint,qlora-seed43,QLoRA (seed 43),QLoRA,43,q_proj,1.0,checkpoint_fraction,coefficient_update_rel,0.004684414714574801,0.029285931959748275,0.8368711435963954,0.7003533109843386,4
coefficient_update_vs_checkpoint,qlora-seed43,QLoRA (seed 43),QLoRA,43,q_proj,2.0,checkpoint_fraction,coefficient_update_rel,0.003630048036575316,0.031024985015392297,0.8345130709007929,0.6964120655042717,4
coefficient_update_vs_checkpoint,qlora-seed43,QLoRA (seed 43),QLoRA,43,q_proj,3.0,checkpoint_fraction,coefficient_update_rel,0.005054435133934019,0.03153354302048683,0.8189668469450474,0.6707066963951127,4
coefficient_update_vs_checkpoint,qlora-seed43,QLoRA (seed 43),QLoRA,43,q_proj,4.0,checkpoint_fraction,coefficient_update_rel,0.0044549450278282155,0.03292510099709035,0.8284653320714691,0.6863548064442896,4
coefficient_update_vs_checkpoint,qlora-seed43,QLoRA (seed 43),QLoRA,43,q_proj,5.0,checkpoint_fraction,coefficient_update_rel,0.005226658284664145,0.03273606859147549,0.8370412521093408,0.700638057732773,4
delta_m_vs_delta_d,qlora-seed43,QLoRA (seed 43),QLoRA,43,up_proj,,delta_direction,delta_magnitude_rel,1.1090905511642557,0.00015471270176593182,0.9796758032941876,0.9597646795601117,24
coefficient_update_vs_checkpoint,qlora-seed43,QLoRA (seed 43),QLoRA,43,up_proj,0.0,checkpoint_fraction,coefficient_update_rel,0.008977982401847821,0.06465701758861543,0.8324884861567193,0.6930370795835062,4
coefficient_update_vs_checkpoint,qlora-seed43,QLoRA (seed 43),QLoRA,43,up_proj,1.0,checkpoint_fraction,coefficient_update_rel,0.008879208564758278,0.06550904735922816,0.8219464998882597,0.6755960486785609,4
coefficient_update_vs_checkpoint,qlora-seed43,QLoRA (seed 43),QLoRA,43,up_proj,2.0,checkpoint_fraction,coefficient_update_rel,0.008649405837058985,0.06474436819553378,0.8160049897863979,0.6658641433562994,4
coefficient_update_vs_checkpoint,qlora-seed43,QLoRA (seed 43),QLoRA,43,up_proj,3.0,checkpoint_fraction,coefficient_update_rel,0.008830797672271724,0.06811924651265143,0.8115479176599935,0.6586100226582715,4
coefficient_update_vs_checkpoint,qlora-seed43,QLoRA (seed 43),QLoRA,43,up_proj,4.0,checkpoint_fraction,coefficient_update_rel,0.009726691246032699,0.06262591108679771,0.8232201381961717,0.677691395931724,4
coefficient_update_vs_checkpoint,qlora-seed43,QLoRA (seed 43),QLoRA,43,up_proj,5.0,checkpoint_fraction,coefficient_update_rel,0.00935534685850142,0.06194995716214181,0.8166146974117913,0.6668595640289514,4
delta_m_vs_delta_d,qlora-seed43,QLoRA (seed 43),QLoRA,43,v_proj,,delta_direction,delta_magnitude_paper,0.22788532694823224,0.0006770283076202385,0.8276610941737542,0.685022886808896,24
delta_m_vs_delta_d,qlora-seed43,QLoRA (seed 43),QLoRA,43,v_proj,,delta_direction,delta_magnitude_rel,0.8614612552360462,0.0008058848397528575,0.9798010954999048,0.9600101867428136,24
coefficient_update_vs_checkpoint,qlora-seed43,QLoRA (seed 43),QLoRA,43,v_proj,0.0,checkpoint_fraction,coefficient_update_rel,0.007633805274963349,0.07396207004785539,0.8343284471819814,0.6961039577770963,4
coefficient_update_vs_checkpoint,qlora-seed43,QLoRA (seed 43),QLoRA,43,v_proj,1.0,checkpoint_fraction,coefficient_update_rel,0.006596523523330677,0.06751430407166482,0.827433892784025,0.6846468469277254,4
coefficient_update_vs_checkpoint,qlora-seed43,QLoRA (seed 43),QLoRA,43,v_proj,2.0,checkpoint_fraction,coefficient_update_rel,0.01012203991413112,0.081579826772213,0.8123168186326234,0.6598586138334264,4
coefficient_update_vs_checkpoint,qlora-seed43,QLoRA (seed 43),QLoRA,43,v_proj,3.0,checkpoint_fraction,coefficient_update_rel,0.01001205742359162,0.06928508356213567,0.8134243392140278,0.6616591556257777,4
coefficient_update_vs_checkpoint,qlora-seed43,QLoRA (seed 43),QLoRA,43,v_proj,4.0,checkpoint_fraction,coefficient_update_rel,0.008648470044136013,0.06584988161921504,0.8178403173975368,0.6688627847609038,4
coefficient_update_vs_checkpoint,qlora-seed43,QLoRA (seed 43),QLoRA,43,v_proj,5.0,checkpoint_fraction,coefficient_update_rel,0.011486759781837448,0.07375911623239519,0.8184729983159098,0.6698980489722353,4
