run,family,key,distinct_hashes,snapshots,dtype,moved
bf16-native,lora_A,base_model.model.model.layers.0.mlp.down_proj.lora_A.weight,7,7,BF16,True
bf16-native,lora_A,base_model.model.model.layers.0.mlp.up_proj.lora_A.weight,7,7,BF16,True
bf16-native,lora_A,base_model.model.model.layers.0.self_attn.k_proj.lora_A.weight,7,7,BF16,True
bf16-native,lora_A,base_model.model.model.layers.0.self_attn.q_proj.lora_A.weight,7,7,BF16,True
bf16-native,lora_A,base_model.model.model.layers.0.self_attn.v_proj.lora_A.weight,7,7,BF16,True
bf16-native,lora_A,base_model.model.model.layers.15.mlp.down_proj.lora_A.weight,7,7,BF16,True
bf16-native,lora_A,base_model.model.model.layers.15.mlp.up_proj.lora_A.weight,7,7,BF16,True
bf16-native,lora_A,base_model.model.model.layers.15.self_attn.k_proj.lora_A.weight,7,7,BF16,True
bf16-native,lora_A,base_model.model.model.layers.15.self_attn.q_proj.lora_A.weight,7,7,BF16,True
bf16-native,lora_A,base_model.model.model.layers.15.self_attn.v_proj.lora_A.weight,7,7,BF16,True
bf16-native,lora_A,base_model.model.model.layers.31.mlp.down_proj.lora_A.weight,7,7,BF16,True
bf16-native,lora_A,base_model.model.model.layers.31.mlp.up_proj.lora_A.weight,7,7,BF16,True
bf16-native,lora_A,base_model.model.model.layers.31.self_attn.k_proj.lora_A.weight,7,7,BF16,True
bf16-native,lora_A,base_model.model.model.layers.31.self_attn.q_proj.lora_A.weight,7,7,BF16,True
bf16-native,lora_A,base_model.model.model.layers.31.self_attn.v_proj.lora_A.weight,7,7,BF16,True
bf16-native,lora_B,base_model.model.model.layers.0.mlp.down_proj.lora_B.weight,7,7,BF16,True
bf16-native,lora_B,base_model.model.model.layers.0.mlp.up_proj.lora_B.weight,7,7,BF16,True
bf16-native,lora_B,base_model.model.model.layers.0.self_attn.k_proj.lora_B.weight,7,7,BF16,True
bf16-native,lora_B,base_model.model.model.layers.0.self_attn.q_proj.lora_B.weight,7,7,BF16,True
bf16-native,lora_B,base_model.model.model.layers.0.self_attn.v_proj.lora_B.weight,7,7,BF16,True
bf16-native,lora_B,base_model.model.model.layers.15.mlp.down_proj.lora_B.weight,7,7,BF16,True
bf16-native,lora_B,base_model.model.model.layers.15.mlp.up_proj.lora_B.weight,7,7,BF16,True
bf16-native,lora_B,base_model.model.model.layers.15.self_attn.k_proj.lora_B.weight,7,7,BF16,True
bf16-native,lora_B,base_model.model.model.layers.15.self_attn.q_proj.lora_B.weight,7,7,BF16,True
bf16-native,lora_B,base_model.model.model.layers.15.self_attn.v_proj.lora_B.weight,7,7,BF16,True
bf16-native,lora_B,base_model.model.model.layers.31.mlp.down_proj.lora_B.weight,7,7,BF16,True
bf16-native,lora_B,base_model.model.model.layers.31.mlp.up_proj.lora_B.weight,7,7,BF16,True
bf16-native,lora_B,base_model.model.model.layers.31.self_attn.k_proj.lora_B.weight,7,7,BF16,True
bf16-native,lora_B,base_model.model.model.layers.31.self_attn.q_proj.lora_B.weight,7,7,BF16,True
bf16-native,lora_B,base_model.model.model.layers.31.self_attn.v_proj.lora_B.weight,7,7,BF16,True
bf16-native,magnitude,base_model.model.model.layers.0.mlp.down_proj.lora_magnitude_vector,1,7,BF16,False
bf16-native,magnitude,base_model.model.model.layers.0.mlp.up_proj.lora_magnitude_vector,1,7,BF16,False
bf16-native,magnitude,base_model.model.model.layers.0.self_attn.k_proj.lora_magnitude_vector,1,7,BF16,False
bf16-native,magnitude,base_model.model.model.layers.0.self_attn.q_proj.lora_magnitude_vector,1,7,BF16,False
bf16-native,magnitude,base_model.model.model.layers.0.self_attn.v_proj.lora_magnitude_vector,1,7,BF16,False
bf16-native,magnitude,base_model.model.model.layers.1.mlp.down_proj.lora_magnitude_vector,1,7,BF16,False
bf16-native,magnitude,base_model.model.model.layers.1.mlp.up_proj.lora_magnitude_vector,1,7,BF16,False
bf16-native,magnitude,base_model.model.model.layers.1.self_attn.k_proj.lora_magnitude_vector,1,7,BF16,False
bf16-native,magnitude,base_model.model.model.layers.1.self_attn.q_proj.lora_magnitude_vector,1,7,BF16,False
bf16-native,magnitude,base_model.model.model.layers.1.self_attn.v_proj.lora_magnitude_vector,1,7,BF16,False
bf16-native,magnitude,base_model.model.model.layers.10.mlp.down_proj.lora_magnitude_vector,1,7,BF16,False
bf16-native,magnitude,base_model.model.model.layers.10.mlp.up_proj.lora_magnitude_vector,1,7,BF16,False
bf16-native,magnitude,base_model.model.model.layers.10.self_attn.k_proj.lora_magnitude_vector,1,7,BF16,False
bf16-native,magnitude,base_model.model.model.layers.10.self_attn.q_proj.lora_magnitude_vector,1,7,BF16,False
bf16-native,magnitude,base_model.model.model.layers.10.self_attn.v_proj.lora_magnitude_vector,1,7,BF16,False
bf16-native,magnitude,base_model.model.model.layers.11.mlp.down_proj.lora_magnitude_vector,1,7,BF16,False
bf16-native,magnitude,base_model.model.model.layers.11.mlp.up_proj.lora_magnitude_vector,1,7,BF16,False
bf16-native,magnitude,base_model.model.model.layers.11.self_attn.k_proj.lora_magnitude_vector,1,7,BF16,False
bf16-native,magnitude,base_model.model.model.layers.11.self_attn.q_proj.lora_magnitude_vector,1,7,BF16,False
bf16-native,magnitude,base_model.model.model.layers.11.self_attn.v_proj.lora_magnitude_vector,1,7,BF16,False
bf16-native,magnitude,base_model.model.model.layers.12.mlp.down_proj.lora_magnitude_vector,1,7,BF16,False
bf16-native,magnitude,base_model.model.model.layers.12.mlp.up_proj.lora_magnitude_vector,1,7,BF16,False
bf16-native,magnitude,base_model.model.model.layers.12.self_attn.k_proj.lora_magnitude_vector,1,7,BF16,False
bf16-native,magnitude,base_model.model.model.layers.12.self_attn.q_proj.lora_magnitude_vector,1,7,BF16,False
bf16-native,magnitude,base_model.model.model.layers.12.self_attn.v_proj.lora_magnitude_vector,1,7,BF16,False
bf16-native,magnitude,base_model.model.model.layers.13.mlp.down_proj.lora_magnitude_vector,1,7,BF16,False
bf16-native,magnitude,base_model.model.model.layers.13.mlp.up_proj.lora_magnitude_vector,1,7,BF16,False
bf16-native,magnitude,base_model.model.model.layers.13.self_attn.k_proj.lora_magnitude_vector,1,7,BF16,False
bf16-native,magnitude,base_model.model.model.layers.13.self_attn.q_proj.lora_magnitude_vector,1,7,BF16,False
bf16-native,magnitude,base_model.model.model.layers.13.self_attn.v_proj.lora_magnitude_vector,1,7,BF16,False
bf16-native,magnitude,base_model.model.model.layers.14.mlp.down_proj.lora_magnitude_vector,1,7,BF16,False
bf16-native,magnitude,base_model.model.model.layers.14.mlp.up_proj.lora_magnitude_vector,1,7,BF16,False
bf16-native,magnitude,base_model.model.model.layers.14.self_attn.k_proj.lora_magnitude_vector,1,7,BF16,False
bf16-native,magnitude,base_model.model.model.layers.14.self_attn.q_proj.lora_magnitude_vector,1,7,BF16,False
bf16-native,magnitude,base_model.model.model.layers.14.self_attn.v_proj.lora_magnitude_vector,1,7,BF16,False
bf16-native,magnitude,base_model.model.model.layers.15.mlp.down_proj.lora_magnitude_vector,1,7,BF16,False
bf16-native,magnitude,base_model.model.model.layers.15.mlp.up_proj.lora_magnitude_vector,1,7,BF16,False
bf16-native,magnitude,base_model.model.model.layers.15.self_attn.k_proj.lora_magnitude_vector,1,7,BF16,False
bf16-native,magnitude,base_model.model.model.layers.15.self_attn.q_proj.lora_magnitude_vector,1,7,BF16,False
bf16-native,magnitude,base_model.model.model.layers.15.self_attn.v_proj.lora_magnitude_vector,1,7,BF16,False
bf16-native,magnitude,base_model.model.model.layers.16.mlp.down_proj.lora_magnitude_vector,1,7,BF16,False
bf16-native,magnitude,base_model.model.model.layers.16.mlp.up_proj.lora_magnitude_vector,1,7,BF16,False
bf16-native,magnitude,base_model.model.model.layers.16.self_attn.k_proj.lora_magnitude_vector,1,7,BF16,False
bf16-native,magnitude,base_model.model.model.layers.16.self_attn.q_proj.lora_magnitude_vector,1,7,BF16,False
bf16-native,magnitude,base_model.model.model.layers.16.self_attn.v_proj.lora_magnitude_vector,1,7,BF16,False
bf16-native,magnitude,base_model.model.model.layers.17.mlp.down_proj.lora_magnitude_vector,1,7,BF16,False
bf16-native,magnitude,base_model.model.model.layers.17.mlp.up_proj.lora_magnitude_vector,1,7,BF16,False
bf16-native,magnitude,base_model.model.model.layers.17.self_attn.k_proj.lora_magnitude_vector,1,7,BF16,False
bf16-native,magnitude,base_model.model.model.layers.17.self_attn.q_proj.lora_magnitude_vector,1,7,BF16,False
bf16-native,magnitude,base_model.model.model.layers.17.self_attn.v_proj.lora_magnitude_vector,1,7,BF16,False
bf16-native,magnitude,base_model.model.model.layers.18.mlp.down_proj.lora_magnitude_vector,1,7,BF16,False
bf16-native,magnitude,base_model.model.model.layers.18.mlp.up_proj.lora_magnitude_vector,1,7,BF16,False
bf16-native,magnitude,base_model.model.model.layers.18.self_attn.k_proj.lora_magnitude_vector,1,7,BF16,False
bf16-native,magnitude,base_model.model.model.layers.18.self_attn.q_proj.lora_magnitude_vector,1,7,BF16,False
bf16-native,magnitude,base_model.model.model.layers.18.self_attn.v_proj.lora_magnitude_vector,1,7,BF16,False
bf16-native,magnitude,base_model.model.model.layers.19.mlp.down_proj.lora_magnitude_vector,1,7,BF16,False
bf16-native,magnitude,base_model.model.model.layers.19.mlp.up_proj.lora_magnitude_vector,1,7,BF16,False
bf16-native,magnitude,base_model.model.model.layers.19.self_attn.k_proj.lora_magnitude_vector,1,7,BF16,False
bf16-native,magnitude,base_model.model.model.layers.19.self_attn.q_proj.lora_magnitude_vector,1,7,BF16,False
bf16-native,magnitude,base_model.model.model.layers.19.self_attn.v_proj.lora_magnitude_vector,1,7,BF16,False
bf16-native,magnitude,base_model.model.model.layers.2.mlp.down_proj.lora_magnitude_vector,1,7,BF16,False
bf16-native,magnitude,base_model.model.model.layers.2.mlp.up_proj.lora_magnitude_vector,1,7,BF16,False
bf16-native,magnitude,base_model.model.model.layers.2.self_attn.k_proj.lora_magnitude_vector,1,7,BF16,False
bf16-native,magnitude,base_model.model.model.layers.2.self_attn.q_proj.lora_magnitude_vector,1,7,BF16,False
bf16-native,magnitude,base_model.model.model.layers.2.self_attn.v_proj.lora_magnitude_vector,1,7,BF16,False
bf16-native,magnitude,base_model.model.model.layers.20.mlp.down_proj.lora_magnitude_vector,1,7,BF16,False
bf16-native,magnitude,base_model.model.model.layers.20.mlp.up_proj.lora_magnitude_vector,1,7,BF16,False
bf16-native,magnitude,base_model.model.model.layers.20.self_attn.k_proj.lora_magnitude_vector,1,7,BF16,False
bf16-native,magnitude,base_model.model.model.layers.20.self_attn.q_proj.lora_magnitude_vector,1,7,BF16,False
bf16-native,magnitude,base_model.model.model.layers.20.self_attn.v_proj.lora_magnitude_vector,1,7,BF16,False
bf16-native,magnitude,base_model.model.model.layers.21.mlp.down_proj.lora_magnitude_vector,1,7,BF16,False
bf16-native,magnitude,base_model.model.model.layers.21.mlp.up_proj.lora_magnitude_vector,1,7,BF16,False
bf16-native,magnitude,base_model.model.model.layers.21.self_attn.k_proj.lora_magnitude_vector,1,7,BF16,False
bf16-native,magnitude,base_model.model.model.layers.21.self_attn.q_proj.lora_magnitude_vector,1,7,BF16,False
bf16-native,magnitude,base_model.model.model.layers.21.self_attn.v_proj.lora_magnitude_vector,1,7,BF16,False
bf16-native,magnitude,base_model.model.model.layers.22.mlp.down_proj.lora_magnitude_vector,1,7,BF16,False
bf16-native,magnitude,base_model.model.model.layers.22.mlp.up_proj.lora_magnitude_vector,1,7,BF16,False
bf16-native,magnitude,base_model.model.model.layers.22.self_attn.k_proj.lora_magnitude_vector,1,7,BF16,False
bf16-native,magnitude,base_model.model.model.layers.22.self_attn.q_proj.lora_magnitude_vector,1,7,BF16,False
bf16-native,magnitude,base_model.model.model.layers.22.self_attn.v_proj.lora_magnitude_vector,1,7,BF16,False
bf16-native,magnitude,base_model.model.model.layers.23.mlp.down_proj.lora_magnitude_vector,1,7,BF16,False
bf16-native,magnitude,base_model.model.model.layers.23.mlp.up_proj.lora_magnitude_vector,1,7,BF16,False
bf16-native,magnitude,base_model.model.model.layers.23.self_attn.k_proj.lora_magnitude_vector,1,7,BF16,False
bf16-native,magnitude,base_model.model.model.layers.23.self_attn.q_proj.lora_magnitude_vector,1,7,BF16,False
bf16-native,magnitude,base_model.model.model.layers.23.self_attn.v_proj.lora_magnitude_vector,1,7,BF16,False
bf16-native,magnitude,base_model.model.model.layers.24.mlp.down_proj.lora_magnitude_vector,1,7,BF16,False
bf16-native,magnitude,base_model.model.model.layers.24.mlp.up_proj.lora_magnitude_vector,1,7,BF16,False
bf16-native,magnitude,base_model.model.model.layers.24.self_attn.k_proj.lora_magnitude_vector,1,7,BF16,False
bf16-native,magnitude,base_model.model.model.layers.24.self_attn.q_proj.lora_magnitude_vector,1,7,BF16,False
bf16-native,magnitude,base_model.model.model.layers.24.self_attn.v_proj.lora_magnitude_vector,1,7,BF16,False
bf16-native,magnitude,base_model.model.model.layers.25.mlp.down_proj.lora_magnitude_vector,1,7,BF16,False
bf16-native,magnitude,base_model.model.model.layers.25.mlp.up_proj.lora_magnitude_vector,1,7,BF16,False
bf16-native,magnitude,base_model.model.model.layers.25.self_attn.k_proj.lora_magnitude_vector,1,7,BF16,False
bf16-native,magnitude,base_model.model.model.layers.25.self_attn.q_proj.lora_magnitude_vector,1,7,BF16,False
bf16-native,magnitude,base_model.model.model.layers.25.self_attn.v_proj.lora_magnitude_vector,1,7,BF16,False
bf16-native,magnitude,base_model.model.model.layers.26.mlp.down_proj.lora_magnitude_vector,1,7,BF16,False
bf16-native,magnitude,base_model.model.model.layers.26.mlp.up_proj.lora_magnitude_vector,1,7,BF16,False
bf16-native,magnitude,base_model.model.model.layers.26.self_attn.k_proj.lora_magnitude_vector,1,7,BF16,False
bf16-native,magnitude,base_model.model.model.layers.26.self_attn.q_proj.lora_magnitude_vector,1,7,BF16,False
bf16-native,magnitude,base_model.model.model.layers.26.self_attn.v_proj.lora_magnitude_vector,1,7,BF16,False
bf16-native,magnitude,base_model.model.model.layers.27.mlp.down_proj.lora_magnitude_vector,1,7,BF16,False
bf16-native,magnitude,base_model.model.model.layers.27.mlp.up_proj.lora_magnitude_vector,1,7,BF16,False
bf16-native,magnitude,base_model.model.model.layers.27.self_attn.k_proj.lora_magnitude_vector,1,7,BF16,False
bf16-native,magnitude,base_model.model.model.layers.27.self_attn.q_proj.lora_magnitude_vector,1,7,BF16,False
bf16-native,magnitude,base_model.model.model.layers.27.self_attn.v_proj.lora_magnitude_vector,1,7,BF16,False
bf16-native,magnitude,base_model.model.model.layers.28.mlp.down_proj.lora_magnitude_vector,1,7,BF16,False
bf16-native,magnitude,base_model.model.model.layers.28.mlp.up_proj.lora_magnitude_vector,1,7,BF16,False
bf16-native,magnitude,base_model.model.model.layers.28.self_attn.k_proj.lora_magnitude_vector,1,7,BF16,False
bf16-native,magnitude,base_model.model.model.layers.28.self_attn.q_proj.lora_magnitude_vector,1,7,BF16,False
bf16-native,magnitude,base_model.model.model.layers.28.self_attn.v_proj.lora_magnitude_vector,1,7,BF16,False
bf16-native,magnitude,base_model.model.model.layers.29.mlp.down_proj.lora_magnitude_vector,1,7,BF16,False
bf16-native,magnitude,base_model.model.model.layers.29.mlp.up_proj.lora_magnitude_vector,1,7,BF16,False
bf16-native,magnitude,base_model.model.model.layers.29.self_attn.k_proj.lora_magnitude_vector,1,7,BF16,False
bf16-native,magnitude,base_model.model.model.layers.29.self_attn.q_proj.lora_magnitude_vector,1,7,BF16,False
bf16-native,magnitude,base_model.model.model.layers.29.self_attn.v_proj.lora_magnitude_vector,1,7,BF16,False
bf16-native,magnitude,base_model.model.model.layers.3.mlp.down_proj.lora_magnitude_vector,1,7,BF16,False
bf16-native,magnitude,base_model.model.model.layers.3.mlp.up_proj.lora_magnitude_vector,1,7,BF16,False
bf16-native,magnitude,base_model.model.model.layers.3.self_attn.k_proj.lora_magnitude_vector,1,7,BF16,False
bf16-native,magnitude,base_model.model.model.layers.3.self_attn.q_proj.lora_magnitude_vector,1,7,BF16,False
bf16-native,magnitude,base_model.model.model.layers.3.self_attn.v_proj.lora_magnitude_vector,1,7,BF16,False
bf16-native,magnitude,base_model.model.model.layers.30.mlp.down_proj.lora_magnitude_vector,1,7,BF16,False
bf16-native,magnitude,base_model.model.model.layers.30.mlp.up_proj.lora_magnitude_vector,1,7,BF16,False
bf16-native,magnitude,base_model.model.model.layers.30.self_attn.k_proj.lora_magnitude_vector,1,7,BF16,False
bf16-native,magnitude,base_model.model.model.layers.30.self_attn.q_proj.lora_magnitude_vector,1,7,BF16,False
bf16-native,magnitude,base_model.model.model.layers.30.self_attn.v_proj.lora_magnitude_vector,1,7,BF16,False
bf16-native,magnitude,base_model.model.model.layers.31.mlp.down_proj.lora_magnitude_vector,1,7,BF16,False
bf16-native,magnitude,base_model.model.model.layers.31.mlp.up_proj.lora_magnitude_vector,1,7,BF16,False
bf16-native,magnitude,base_model.model.model.layers.31.self_attn.k_proj.lora_magnitude_vector,1,7,BF16,False
bf16-native,magnitude,base_model.model.model.layers.31.self_attn.q_proj.lora_magnitude_vector,1,7,BF16,False
bf16-native,magnitude,base_model.model.model.layers.31.self_attn.v_proj.lora_magnitude_vector,1,7,BF16,False
bf16-native,magnitude,base_model.model.model.layers.4.mlp.down_proj.lora_magnitude_vector,1,7,BF16,False
bf16-native,magnitude,base_model.model.model.layers.4.mlp.up_proj.lora_magnitude_vector,1,7,BF16,False
bf16-native,magnitude,base_model.model.model.layers.4.self_attn.k_proj.lora_magnitude_vector,1,7,BF16,False
bf16-native,magnitude,base_model.model.model.layers.4.self_attn.q_proj.lora_magnitude_vector,1,7,BF16,False
bf16-native,magnitude,base_model.model.model.layers.4.self_attn.v_proj.lora_magnitude_vector,1,7,BF16,False
bf16-native,magnitude,base_model.model.model.layers.5.mlp.down_proj.lora_magnitude_vector,1,7,BF16,False
bf16-native,magnitude,base_model.model.model.layers.5.mlp.up_proj.lora_magnitude_vector,1,7,BF16,False
bf16-native,magnitude,base_model.model.model.layers.5.self_attn.k_proj.lora_magnitude_vector,1,7,BF16,False
bf16-native,magnitude,base_model.model.model.layers.5.self_attn.q_proj.lora_magnitude_vector,1,7,BF16,False
bf16-native,magnitude,base_model.model.model.layers.5.self_attn.v_proj.lora_magnitude_vector,1,7,BF16,False
bf16-native,magnitude,base_model.model.model.layers.6.mlp.down_proj.lora_magnitude_vector,1,7,BF16,False
bf16-native,magnitude,base_model.model.model.layers.6.mlp.up_proj.lora_magnitude_vector,1,7,BF16,False
bf16-native,magnitude,base_model.model.model.layers.6.self_attn.k_proj.lora_magnitude_vector,1,7,BF16,False
bf16-native,magnitude,base_model.model.model.layers.6.self_attn.q_proj.lora_magnitude_vector,1,7,BF16,False
bf16-native,magnitude,base_model.model.model.layers.6.self_attn.v_proj.lora_magnitude_vector,1,7,BF16,False
bf16-native,magnitude,base_model.model.model.layers.7.mlp.down_proj.lora_magnitude_vector,1,7,BF16,False
bf16-native,magnitude,base_model.model.model.layers.7.mlp.up_proj.lora_magnitude_vector,1,7,BF16,False
bf16-native,magnitude,base_model.model.model.layers.7.self_attn.k_proj.lora_magnitude_vector,1,7,BF16,False
bf16-native,magnitude,base_model.model.model.layers.7.self_attn.q_proj.lora_magnitude_vector,1,7,BF16,False
bf16-native,magnitude,base_model.model.model.layers.7.self_attn.v_proj.lora_magnitude_vector,1,7,BF16,False
bf16-native,magnitude,base_model.model.model.layers.8.mlp.down_proj.lora_magnitude_vector,1,7,BF16,False
bf16-native,magnitude,base_model.model.model.layers.8.mlp.up_proj.lora_magnitude_vector,1,7,BF16,False
bf16-native,magnitude,base_model.model.model.layers.8.self_attn.k_proj.lora_magnitude_vector,1,7,BF16,False
bf16-native,magnitude,base_model.model.model.layers.8.self_attn.q_proj.lora_magnitude_vector,1,7,BF16,False
bf16-native,magnitude,base_model.model.model.layers.8.self_attn.v_proj.lora_magnitude_vector,1,7,BF16,False
bf16-native,magnitude,base_model.model.model.layers.9.mlp.down_proj.lora_magnitude_vector,1,7,BF16,False
bf16-native,magnitude,base_model.model.model.layers.9.mlp.up_proj.lora_magnitude_vector,1,7,BF16,False
bf16-native,magnitude,base_model.model.model.layers.9.self_attn.k_proj.lora_magnitude_vector,1,7,BF16,False
bf16-native,magnitude,base_model.model.model.layers.9.self_attn.q_proj.lora_magnitude_vector,1,7,BF16,False
bf16-native,magnitude,base_model.model.model.layers.9.self_attn.v_proj.lora_magnitude_vector,1,7,BF16,False
fp32-magnitude,lora_A,base_model.model.model.layers.0.mlp.down_proj.lora_A.weight,7,7,BF16,True
fp32-magnitude,lora_A,base_model.model.model.layers.0.mlp.up_proj.lora_A.weight,7,7,BF16,True
fp32-magnitude,lora_A,base_model.model.model.layers.0.self_attn.k_proj.lora_A.weight,7,7,BF16,True
fp32-magnitude,lora_A,base_model.model.model.layers.0.self_attn.q_proj.lora_A.weight,7,7,BF16,True
fp32-magnitude,lora_A,base_model.model.model.layers.0.self_attn.v_proj.lora_A.weight,7,7,BF16,True
fp32-magnitude,lora_A,base_model.model.model.layers.15.mlp.down_proj.lora_A.weight,7,7,BF16,True
fp32-magnitude,lora_A,base_model.model.model.layers.15.mlp.up_proj.lora_A.weight,7,7,BF16,True
fp32-magnitude,lora_A,base_model.model.model.layers.15.self_attn.k_proj.lora_A.weight,7,7,BF16,True
fp32-magnitude,lora_A,base_model.model.model.layers.15.self_attn.q_proj.lora_A.weight,7,7,BF16,True
fp32-magnitude,lora_A,base_model.model.model.layers.15.self_attn.v_proj.lora_A.weight,7,7,BF16,True
fp32-magnitude,lora_A,base_model.model.model.layers.31.mlp.down_proj.lora_A.weight,7,7,BF16,True
fp32-magnitude,lora_A,base_model.model.model.layers.31.mlp.up_proj.lora_A.weight,7,7,BF16,True
fp32-magnitude,lora_A,base_model.model.model.layers.31.self_attn.k_proj.lora_A.weight,7,7,BF16,True
fp32-magnitude,lora_A,base_model.model.model.layers.31.self_attn.q_proj.lora_A.weight,7,7,BF16,True
fp32-magnitude,lora_A,base_model.model.model.layers.31.self_attn.v_proj.lora_A.weight,7,7,BF16,True
fp32-magnitude,lora_B,base_model.model.model.layers.0.mlp.down_proj.lora_B.weight,7,7,BF16,True
fp32-magnitude,lora_B,base_model.model.model.layers.0.mlp.up_proj.lora_B.weight,7,7,BF16,True
fp32-magnitude,lora_B,base_model.model.model.layers.0.self_attn.k_proj.lora_B.weight,7,7,BF16,True
fp32-magnitude,lora_B,base_model.model.model.layers.0.self_attn.q_proj.lora_B.weight,7,7,BF16,True
fp32-magnitude,lora_B,base_model.model.model.layers.0.self_attn.v_proj.lora_B.weight,7,7,BF16,True
fp32-magnitude,lora_B,base_model.model.model.layers.15.mlp.down_proj.lora_B.weight,7,7,BF16,True
fp32-magnitude,lora_B,base_model.model.model.layers.15.mlp.up_proj.lora_B.weight,7,7,BF16,True
fp32-magnitude,lora_B,base_model.model.model.layers.15.self_attn.k_proj.lora_B.weight,7,7,BF16,True
fp32-magnitude,lora_B,base_model.model.model.layers.15.self_attn.q_proj.lora_B.weight,7,7,BF16,True
fp32-magnitude,lora_B,base_model.model.model.layers.15.self_attn.v_proj.lora_B.weight,7,7,BF16,True
fp32-magnitude,lora_B,base_model.model.model.layers.31.mlp.down_proj.lora_B.weight,7,7,BF16,True
fp32-magnitude,lora_B,base_model.model.model.layers.31.mlp.up_proj.lora_B.weight,7,7,BF16,True
fp32-magnitude,lora_B,base_model.model.model.layers.31.self_attn.k_proj.lora_B.weight,7,7,BF16,True
fp32-magnitude,lora_B,base_model.model.model.layers.31.self_attn.q_proj.lora_B.weight,7,7,BF16,True
fp32-magnitude,lora_B,base_model.model.model.layers.31.self_attn.v_proj.lora_B.weight,7,7,BF16,True
fp32-magnitude,magnitude,base_model.model.model.layers.0.mlp.down_proj.lora_magnitude_vector,7,7,F32,True
fp32-magnitude,magnitude,base_model.model.model.layers.0.mlp.up_proj.lora_magnitude_vector,7,7,F32,True
fp32-magnitude,magnitude,base_model.model.model.layers.0.self_attn.k_proj.lora_magnitude_vector,7,7,F32,True
fp32-magnitude,magnitude,base_model.model.model.layers.0.self_attn.q_proj.lora_magnitude_vector,7,7,F32,True
fp32-magnitude,magnitude,base_model.model.model.layers.0.self_attn.v_proj.lora_magnitude_vector,7,7,F32,True
fp32-magnitude,magnitude,base_model.model.model.layers.1.mlp.down_proj.lora_magnitude_vector,7,7,F32,True
fp32-magnitude,magnitude,base_model.model.model.layers.1.mlp.up_proj.lora_magnitude_vector,7,7,F32,True
fp32-magnitude,magnitude,base_model.model.model.layers.1.self_attn.k_proj.lora_magnitude_vector,7,7,F32,True
fp32-magnitude,magnitude,base_model.model.model.layers.1.self_attn.q_proj.lora_magnitude_vector,7,7,F32,True
fp32-magnitude,magnitude,base_model.model.model.layers.1.self_attn.v_proj.lora_magnitude_vector,7,7,F32,True
fp32-magnitude,magnitude,base_model.model.model.layers.10.mlp.down_proj.lora_magnitude_vector,7,7,F32,True
fp32-magnitude,magnitude,base_model.model.model.layers.10.mlp.up_proj.lora_magnitude_vector,7,7,F32,True
fp32-magnitude,magnitude,base_model.model.model.layers.10.self_attn.k_proj.lora_magnitude_vector,7,7,F32,True
fp32-magnitude,magnitude,base_model.model.model.layers.10.self_attn.q_proj.lora_magnitude_vector,7,7,F32,True
fp32-magnitude,magnitude,base_model.model.model.layers.10.self_attn.v_proj.lora_magnitude_vector,7,7,F32,True
fp32-magnitude,magnitude,base_model.model.model.layers.11.mlp.down_proj.lora_magnitude_vector,7,7,F32,True
fp32-magnitude,magnitude,base_model.model.model.layers.11.mlp.up_proj.lora_magnitude_vector,7,7,F32,True
fp32-magnitude,magnitude,base_model.model.model.layers.11.self_attn.k_proj.lora_magnitude_vector,7,7,F32,True
fp32-magnitude,magnitude,base_model.model.model.layers.11.self_attn.q_proj.lora_magnitude_vector,7,7,F32,True
fp32-magnitude,magnitude,base_model.model.model.layers.11.self_attn.v_proj.lora_magnitude_vector,7,7,F32,True
fp32-magnitude,magnitude,base_model.model.model.layers.12.mlp.down_proj.lora_magnitude_vector,7,7,F32,True
fp32-magnitude,magnitude,base_model.model.model.layers.12.mlp.up_proj.lora_magnitude_vector,7,7,F32,True
fp32-magnitude,magnitude,base_model.model.model.layers.12.self_attn.k_proj.lora_magnitude_vector,7,7,F32,True
fp32-magnitude,magnitude,base_model.model.model.layers.12.self_attn.q_proj.lora_magnitude_vector,7,7,F32,True
fp32-magnitude,magnitude,base_model.model.model.layers.12.self_attn.v_proj.lora_magnitude_vector,7,7,F32,True
fp32-magnitude,magnitude,base_model.model.model.layers.13.mlp.down_proj.lora_magnitude_vector,7,7,F32,True
fp32-magnitude,magnitude,base_model.model.model.layers.13.mlp.up_proj.lora_magnitude_vector,7,7,F32,True
fp32-magnitude,magnitude,base_model.model.model.layers.13.self_attn.k_proj.lora_magnitude_vector,7,7,F32,True
fp32-magnitude,magnitude,base_model.model.model.layers.13.self_attn.q_proj.lora_magnitude_vector,7,7,F32,True
fp32-magnitude,magnitude,base_model.model.model.layers.13.self_attn.v_proj.lora_magnitude_vector,7,7,F32,True
fp32-magnitude,magnitude,base_model.model.model.layers.14.mlp.down_proj.lora_magnitude_vector,7,7,F32,True
fp32-magnitude,magnitude,base_model.model.model.layers.14.mlp.up_proj.lora_magnitude_vector,7,7,F32,True
fp32-magnitude,magnitude,base_model.model.model.layers.14.self_attn.k_proj.lora_magnitude_vector,7,7,F32,True
fp32-magnitude,magnitude,base_model.model.model.layers.14.self_attn.q_proj.lora_magnitude_vector,7,7,F32,True
fp32-magnitude,magnitude,base_model.model.model.layers.14.self_attn.v_proj.lora_magnitude_vector,7,7,F32,True
fp32-magnitude,magnitude,base_model.model.model.layers.15.mlp.down_proj.lora_magnitude_vector,7,7,F32,True
fp32-magnitude,magnitude,base_model.model.model.layers.15.mlp.up_proj.lora_magnitude_vector,7,7,F32,True
fp32-magnitude,magnitude,base_model.model.model.layers.15.self_attn.k_proj.lora_magnitude_vector,7,7,F32,True
fp32-magnitude,magnitude,base_model.model.model.layers.15.self_attn.q_proj.lora_magnitude_vector,7,7,F32,True
fp32-magnitude,magnitude,base_model.model.model.layers.15.self_attn.v_proj.lora_magnitude_vector,7,7,F32,True
fp32-magnitude,magnitude,base_model.model.model.layers.16.mlp.down_proj.lora_magnitude_vector,7,7,F32,True
fp32-magnitude,magnitude,base_model.model.model.layers.16.mlp.up_proj.lora_magnitude_vector,7,7,F32,True
fp32-magnitude,magnitude,base_model.model.model.layers.16.self_attn.k_proj.lora_magnitude_vector,7,7,F32,True
fp32-magnitude,magnitude,base_model.model.model.layers.16.self_attn.q_proj.lora_magnitude_vector,7,7,F32,True
fp32-magnitude,magnitude,base_model.model.model.layers.16.self_attn.v_proj.lora_magnitude_vector,7,7,F32,True
fp32-magnitude,magnitude,base_model.model.model.layers.17.mlp.down_proj.lora_magnitude_vector,7,7,F32,True
fp32-magnitude,magnitude,base_model.model.model.layers.17.mlp.up_proj.lora_magnitude_vector,7,7,F32,True
fp32-magnitude,magnitude,base_model.model.model.layers.17.self_attn.k_proj.lora_magnitude_vector,7,7,F32,True
fp32-magnitude,magnitude,base_model.model.model.layers.17.self_attn.q_proj.lora_magnitude_vector,7,7,F32,True
fp32-magnitude,magnitude,base_model.model.model.layers.17.self_attn.v_proj.lora_magnitude_vector,7,7,F32,True
fp32-magnitude,magnitude,base_model.model.model.layers.18.mlp.down_proj.lora_magnitude_vector,7,7,F32,True
fp32-magnitude,magnitude,base_model.model.model.layers.18.mlp.up_proj.lora_magnitude_vector,7,7,F32,True
fp32-magnitude,magnitude,base_model.model.model.layers.18.self_attn.k_proj.lora_magnitude_vector,7,7,F32,True
fp32-magnitude,magnitude,base_model.model.model.layers.18.self_attn.q_proj.lora_magnitude_vector,7,7,F32,True
fp32-magnitude,magnitude,base_model.model.model.layers.18.self_attn.v_proj.lora_magnitude_vector,7,7,F32,True
fp32-magnitude,magnitude,base_model.model.model.layers.19.mlp.down_proj.lora_magnitude_vector,7,7,F32,True
fp32-magnitude,magnitude,base_model.model.model.layers.19.mlp.up_proj.lora_magnitude_vector,7,7,F32,True
fp32-magnitude,magnitude,base_model.model.model.layers.19.self_attn.k_proj.lora_magnitude_vector,7,7,F32,True
fp32-magnitude,magnitude,base_model.model.model.layers.19.self_attn.q_proj.lora_magnitude_vector,7,7,F32,True
fp32-magnitude,magnitude,base_model.model.model.layers.19.self_attn.v_proj.lora_magnitude_vector,7,7,F32,True
fp32-magnitude,magnitude,base_model.model.model.layers.2.mlp.down_proj.lora_magnitude_vector,7,7,F32,True
fp32-magnitude,magnitude,base_model.model.model.layers.2.mlp.up_proj.lora_magnitude_vector,7,7,F32,True
fp32-magnitude,magnitude,base_model.model.model.layers.2.self_attn.k_proj.lora_magnitude_vector,7,7,F32,True
fp32-magnitude,magnitude,base_model.model.model.layers.2.self_attn.q_proj.lora_magnitude_vector,7,7,F32,True
fp32-magnitude,magnitude,base_model.model.model.layers.2.self_attn.v_proj.lora_magnitude_vector,7,7,F32,True
fp32-magnitude,magnitude,base_model.model.model.layers.20.mlp.down_proj.lora_magnitude_vector,7,7,F32,True
fp32-magnitude,magnitude,base_model.model.model.layers.20.mlp.up_proj.lora_magnitude_vector,7,7,F32,True
fp32-magnitude,magnitude,base_model.model.model.layers.20.self_attn.k_proj.lora_magnitude_vector,7,7,F32,True
fp32-magnitude,magnitude,base_model.model.model.layers.20.self_attn.q_proj.lora_magnitude_vector,7,7,F32,True
fp32-magnitude,magnitude,base_model.model.model.layers.20.self_attn.v_proj.lora_magnitude_vector,7,7,F32,True
fp32-magnitude,magnitude,base_model.model.model.layers.21.mlp.down_proj.lora_magnitude_vector,7,7,F32,True
fp32-magnitude,magnitude,base_model.model.model.layers.21.mlp.up_proj.lora_magnitude_vector,7,7,F32,True
fp32-magnitude,magnitude,base_model.model.model.layers.21.self_attn.k_proj.lora_magnitude_vector,7,7,F32,True
fp32-magnitude,magnitude,base_model.model.model.layers.21.self_attn.q_proj.lora_magnitude_vector,7,7,F32,True
fp32-magnitude,magnitude,base_model.model.model.layers.21.self_attn.v_proj.lora_magnitude_vector,7,7,F32,True
fp32-magnitude,magnitude,base_model.model.model.layers.22.mlp.down_proj.lora_magnitude_vector,7,7,F32,True
fp32-magnitude,magnitude,base_model.model.model.layers.22.mlp.up_proj.lora_magnitude_vector,7,7,F32,True
fp32-magnitude,magnitude,base_model.model.model.layers.22.self_attn.k_proj.lora_magnitude_vector,7,7,F32,True
fp32-magnitude,magnitude,base_model.model.model.layers.22.self_attn.q_proj.lora_magnitude_vector,7,7,F32,True
fp32-magnitude,magnitude,base_model.model.model.layers.22.self_attn.v_proj.lora_magnitude_vector,7,7,F32,True
fp32-magnitude,magnitude,base_model.model.model.layers.23.mlp.down_proj.lora_magnitude_vector,7,7,F32,True
fp32-magnitude,magnitude,base_model.model.model.layers.23.mlp.up_proj.lora_magnitude_vector,7,7,F32,True
fp32-magnitude,magnitude,base_model.model.model.layers.23.self_attn.k_proj.lora_magnitude_vector,7,7,F32,True
fp32-magnitude,magnitude,base_model.model.model.layers.23.self_attn.q_proj.lora_magnitude_vector,7,7,F32,True
fp32-magnitude,magnitude,base_model.model.model.layers.23.self_attn.v_proj.lora_magnitude_vector,7,7,F32,True
fp32-magnitude,magnitude,base_model.model.model.layers.24.mlp.down_proj.lora_magnitude_vector,7,7,F32,True
fp32-magnitude,magnitude,base_model.model.model.layers.24.mlp.up_proj.lora_magnitude_vector,7,7,F32,True
fp32-magnitude,magnitude,base_model.model.model.layers.24.self_attn.k_proj.lora_magnitude_vector,7,7,F32,True
fp32-magnitude,magnitude,base_model.model.model.layers.24.self_attn.q_proj.lora_magnitude_vector,7,7,F32,True
fp32-magnitude,magnitude,base_model.model.model.layers.24.self_attn.v_proj.lora_magnitude_vector,7,7,F32,True
fp32-magnitude,magnitude,base_model.model.model.layers.25.mlp.down_proj.lora_magnitude_vector,7,7,F32,True
fp32-magnitude,magnitude,base_model.model.model.layers.25.mlp.up_proj.lora_magnitude_vector,7,7,F32,True
fp32-magnitude,magnitude,base_model.model.model.layers.25.self_attn.k_proj.lora_magnitude_vector,7,7,F32,True
fp32-magnitude,magnitude,base_model.model.model.layers.25.self_attn.q_proj.lora_magnitude_vector,7,7,F32,True
fp32-magnitude,magnitude,base_model.model.model.layers.25.self_attn.v_proj.lora_magnitude_vector,7,7,F32,True
fp32-magnitude,magnitude,base_model.model.model.layers.26.mlp.down_proj.lora_magnitude_vector,7,7,F32,True
fp32-magnitude,magnitude,base_model.model.model.layers.26.mlp.up_proj.lora_magnitude_vector,7,7,F32,True
fp32-magnitude,magnitude,base_model.model.model.layers.26.self_attn.k_proj.lora_magnitude_vector,7,7,F32,True
fp32-magnitude,magnitude,base_model.model.model.layers.26.self_attn.q_proj.lora_magnitude_vector,7,7,F32,True
fp32-magnitude,magnitude,base_model.model.model.layers.26.self_attn.v_proj.lora_magnitude_vector,7,7,F32,True
fp32-magnitude,magnitude,base_model.model.model.layers.27.mlp.down_proj.lora_magnitude_vector,7,7,F32,True
fp32-magnitude,magnitude,base_model.model.model.layers.27.mlp.up_proj.lora_magnitude_vector,7,7,F32,True
fp32-magnitude,magnitude,base_model.model.model.layers.27.self_attn.k_proj.lora_magnitude_vector,7,7,F32,True
fp32-magnitude,magnitude,base_model.model.model.layers.27.self_attn.q_proj.lora_magnitude_vector,7,7,F32,True
fp32-magnitude,magnitude,base_model.model.model.layers.27.self_attn.v_proj.lora_magnitude_vector,7,7,F32,True
fp32-magnitude,magnitude,base_model.model.model.layers.28.mlp.down_proj.lora_magnitude_vector,7,7,F32,True
fp32-magnitude,magnitude,base_model.model.model.layers.28.mlp.up_proj.lora_magnitude_vector,7,7,F32,True
fp32-magnitude,magnitude,base_model.model.model.layers.28.self_attn.k_proj.lora_magnitude_vector,7,7,F32,True
fp32-magnitude,magnitude,base_model.model.model.layers.28.self_attn.q_proj.lora_magnitude_vector,7,7,F32,True
fp32-magnitude,magnitude,base_model.model.model.layers.28.self_attn.v_proj.lora_magnitude_vector,7,7,F32,True
fp32-magnitude,magnitude,base_model.model.model.layers.29.mlp.down_proj.lora_magnitude_vector,7,7,F32,True
fp32-magnitude,magnitude,base_model.model.model.layers.29.mlp.up_proj.lora_magnitude_vector,7,7,F32,True
fp32-magnitude,magnitude,base_model.model.model.layers.29.self_attn.k_proj.lora_magnitude_vector,7,7,F32,True
fp32-magnitude,magnitude,base_model.model.model.layers.29.self_attn.q_proj.lora_magnitude_vector,7,7,F32,True
fp32-magnitude,magnitude,base_model.model.model.layers.29.self_attn.v_proj.lora_magnitude_vector,7,7,F32,True
fp32-magnitude,magnitude,base_model.model.model.layers.3.mlp.down_proj.lora_magnitude_vector,7,7,F32,True
fp32-magnitude,magnitude,base_model.model.model.layers.3.mlp.up_proj.lora_magnitude_vector,7,7,F32,True
fp32-magnitude,magnitude,base_model.model.model.layers.3.self_attn.k_proj.lora_magnitude_vector,7,7,F32,True
fp32-magnitude,magnitude,base_model.model.model.layers.3.self_attn.q_proj.lora_magnitude_vector,7,7,F32,True
fp32-magnitude,magnitude,base_model.model.model.layers.3.self_attn.v_proj.lora_magnitude_vector,7,7,F32,True
fp32-magnitude,magnitude,base_model.model.model.layers.30.mlp.down_proj.lora_magnitude_vector,7,7,F32,True
fp32-magnitude,magnitude,base_model.model.model.layers.30.mlp.up_proj.lora_magnitude_vector,7,7,F32,True
fp32-magnitude,magnitude,base_model.model.model.layers.30.self_attn.k_proj.lora_magnitude_vector,7,7,F32,True
fp32-magnitude,magnitude,base_model.model.model.layers.30.self_attn.q_proj.lora_magnitude_vector,7,7,F32,True
fp32-magnitude,magnitude,base_model.model.model.layers.30.self_attn.v_proj.lora_magnitude_vector,7,7,F32,True
fp32-magnitude,magnitude,base_model.model.model.layers.31.mlp.down_proj.lora_magnitude_vector,7,7,F32,True
fp32-magnitude,magnitude,base_model.model.model.layers.31.mlp.up_proj.lora_magnitude_vector,7,7,F32,True
fp32-magnitude,magnitude,base_model.model.model.layers.31.self_attn.k_proj.lora_magnitude_vector,7,7,F32,True
fp32-magnitude,magnitude,base_model.model.model.layers.31.self_attn.q_proj.lora_magnitude_vector,7,7,F32,True
fp32-magnitude,magnitude,base_model.model.model.layers.31.self_attn.v_proj.lora_magnitude_vector,7,7,F32,True
fp32-magnitude,magnitude,base_model.model.model.layers.4.mlp.down_proj.lora_magnitude_vector,7,7,F32,True
fp32-magnitude,magnitude,base_model.model.model.layers.4.mlp.up_proj.lora_magnitude_vector,7,7,F32,True
fp32-magnitude,magnitude,base_model.model.model.layers.4.self_attn.k_proj.lora_magnitude_vector,7,7,F32,True
fp32-magnitude,magnitude,base_model.model.model.layers.4.self_attn.q_proj.lora_magnitude_vector,7,7,F32,True
fp32-magnitude,magnitude,base_model.model.model.layers.4.self_attn.v_proj.lora_magnitude_vector,7,7,F32,True
fp32-magnitude,magnitude,base_model.model.model.layers.5.mlp.down_proj.lora_magnitude_vector,7,7,F32,True
fp32-magnitude,magnitude,base_model.model.model.layers.5.mlp.up_proj.lora_magnitude_vector,7,7,F32,True
fp32-magnitude,magnitude,base_model.model.model.layers.5.self_attn.k_proj.lora_magnitude_vector,7,7,F32,True
fp32-magnitude,magnitude,base_model.model.model.layers.5.self_attn.q_proj.lora_magnitude_vector,7,7,F32,True
fp32-magnitude,magnitude,base_model.model.model.layers.5.self_attn.v_proj.lora_magnitude_vector,7,7,F32,True
fp32-magnitude,magnitude,base_model.model.model.layers.6.mlp.down_proj.lora_magnitude_vector,7,7,F32,True
fp32-magnitude,magnitude,base_model.model.model.layers.6.mlp.up_proj.lora_magnitude_vector,7,7,F32,True
fp32-magnitude,magnitude,base_model.model.model.layers.6.self_attn.k_proj.lora_magnitude_vector,7,7,F32,True
fp32-magnitude,magnitude,base_model.model.model.layers.6.self_attn.q_proj.lora_magnitude_vector,7,7,F32,True
fp32-magnitude,magnitude,base_model.model.model.layers.6.self_attn.v_proj.lora_magnitude_vector,7,7,F32,True
fp32-magnitude,magnitude,base_model.model.model.layers.7.mlp.down_proj.lora_magnitude_vector,7,7,F32,True
fp32-magnitude,magnitude,base_model.model.model.layers.7.mlp.up_proj.lora_magnitude_vector,7,7,F32,True
fp32-magnitude,magnitude,base_model.model.model.layers.7.self_attn.k_proj.lora_magnitude_vector,7,7,F32,True
fp32-magnitude,magnitude,base_model.model.model.layers.7.self_attn.q_proj.lora_magnitude_vector,7,7,F32,True
fp32-magnitude,magnitude,base_model.model.model.layers.7.self_attn.v_proj.lora_magnitude_vector,7,7,F32,True
fp32-magnitude,magnitude,base_model.model.model.layers.8.mlp.down_proj.lora_magnitude_vector,7,7,F32,True
fp32-magnitude,magnitude,base_model.model.model.layers.8.mlp.up_proj.lora_magnitude_vector,7,7,F32,True
fp32-magnitude,magnitude,base_model.model.model.layers.8.self_attn.k_proj.lora_magnitude_vector,7,7,F32,True
fp32-magnitude,magnitude,base_model.model.model.layers.8.self_attn.q_proj.lora_magnitude_vector,7,7,F32,True
fp32-magnitude,magnitude,base_model.model.model.layers.8.self_attn.v_proj.lora_magnitude_vector,7,7,F32,True
fp32-magnitude,magnitude,base_model.model.model.layers.9.mlp.down_proj.lora_magnitude_vector,7,7,F32,True
fp32-magnitude,magnitude,base_model.model.model.layers.9.mlp.up_proj.lora_magnitude_vector,7,7,F32,True
fp32-magnitude,magnitude,base_model.model.model.layers.9.self_attn.k_proj.lora_magnitude_vector,7,7,F32,True
fp32-magnitude,magnitude,base_model.model.model.layers.9.self_attn.q_proj.lora_magnitude_vector,7,7,F32,True
fp32-magnitude,magnitude,base_model.model.model.layers.9.self_attn.v_proj.lora_magnitude_vector,7,7,F32,True
